#名前,"性別(0=両,1=男,2=女)","タイプ(0=両方,1=剣士,2=ガンナー)",レア度,スロット数,入手時期／集☆（99=集入手不可）,入手時期／村☆（99=村入手不可）,入手時期集村(0=or/1=and),初期防御力,最終防御力,火耐性,水耐性,雷耐性,氷耐性,龍耐性,スキル系統1,スキル値1,スキル系統2,スキル値2,スキル系統3,スキル値3,スキル系統4,スキル値4,スキル系統5,スキル値5,生産素材1,個数,生産素材2,個数,生産素材3,個数,生産素材4,個数
レザーパンツ,0,0,1,1,1,1,0,1,25,0,0,0,0,0,採取,3,,,,,,,,,首鳴竜の皮,2,,,,,,
チェーンパンツ,0,0,1,0,1,1,0,2,26,0,0,1,0,0,体力,5,,,,,,,,,鉄鉱石,2,暖かい毛皮,2,,,,
ベルダーグリーヴ,0,0,1,0,1,1,0,2,26,0,1,0,0,0,加護,3,,,,,,,,,暖かい毛皮,1,鉄鉱石,2,,,,
ハントグリーヴ,0,1,1,2,1,1,0,2,50,1,0,0,0,0,高速設置,3,,,,,,,,,鉄鉱石,2,ランポスの皮,1,,,,
ハントレギンス,0,2,1,2,1,1,0,1,25,2,0,0,0,0,高速設置,3,,,,,,,,,鉄鉱石,2,ランポスの皮,1,,,,
マフモフブーツ,0,0,1,0,1,1,0,2,26,-1,0,0,2,0,耐寒,4,,,,,,,,,暖かい毛皮,2,ガウシカの角,2,,,,
ユクモノハカマ,0,0,1,2,1,1,0,2,26,0,0,1,0,0,回避性能,2,,,,,,,,,ユクモの木,2,セッチャクロアリ,2,,,,
ロックラックブーツ,0,0,1,0,1,1,0,2,26,1,0,0,0,2,運搬,4,耐暑,1,,,,,,,甲虫の大顎,3,モンスターの体液,2,大地の結晶,2,,
ハンターグリーヴ,0,1,1,2,1,1,0,6,54,0,0,0,0,0,狩人,1,,,,,,,,,ファンゴの毛皮,1,ジャギィの皮,2,竜骨【小】,2,,
ハンターレギンス,0,2,1,2,1,1,0,3,27,0,0,0,0,0,狩人,1,,,,,,,,,ファンゴの毛皮,1,ジャギィの皮,2,竜骨【小】,2,,
ボーングリーヴ,0,1,1,0,1,1,0,6,54,0,0,0,-1,0,笛,6,,,,,,,,,竜骨【中】,2,なぞの骨,2,ランポスの皮,1,,
ボーンレギンス,0,2,1,0,1,1,0,3,27,0,0,0,-1,0,笛,6,,,,,,,,,竜骨【中】,2,なぞの骨,2,ランポスの皮,1,,
狩人の革臑当,0,1,1,0,1,1,0,6,54,0,1,0,0,0,野草知識,5,,,,,,,,,ガウシカの角,1,暖かい毛皮,4,鉄鉱石,1,,
狩人の革長靴,0,2,1,0,1,1,0,3,27,0,1,0,0,0,野草知識,5,,,,,,,,,ガウシカの角,1,暖かい毛皮,4,鉄鉱石,1,,
跳狗竜の革臑当,0,1,1,2,1,1,0,6,54,0,0,1,0,0,減気攻撃,3,,,,,,,,,マッカォの皮,3,マッカォの鱗,1,鳥竜種の牙,4,,
跳狗竜の革長靴,0,2,1,2,1,1,0,3,27,0,0,1,0,0,減気攻撃,3,,,,,,,,,マッカォの皮,3,マッカォの鱗,1,鳥竜種の牙,4,,
狗竜の革臑当,0,1,1,2,1,1,0,6,54,0,0,0,1,0,達人,3,,,,,,,,,ジャギィの皮,3,ジャギィの鱗,1,鳥竜種の牙,4,,
狗竜の革長靴,0,2,1,2,1,1,0,3,27,0,0,0,1,0,達人,3,,,,,,,,,ジャギィの皮,3,ジャギィの鱗,1,鳥竜種の牙,4,,
ジャギィグリーヴ,0,1,1,1,1,1,0,6,54,-2,0,0,0,0,火属性攻撃,2,,,,,,,,,ジャギィの皮,4,ジャギィの鱗,2,竜骨【中】,2,マカライト鉱石,2
ジャギィレギンス,0,2,1,1,1,1,0,3,27,-2,0,0,0,0,火属性攻撃,2,,,,,,,,,ジャギィの皮,4,ジャギィの鱗,2,竜骨【中】,2,マカライト鉱石,2
マッカォグリーヴ,0,1,1,1,1,1,0,8,56,-2,0,0,0,0,跳躍,2,,,,,,,,,跳狗竜の鱗,3,跳狗竜の赤皮,2,首鳴竜の皮,4,,
マッカォレギンス,0,2,1,1,1,1,0,4,28,-2,1,1,1,1,跳躍,1,,,,,,,,,跳狗竜の鱗,3,跳狗竜の赤皮,2,首鳴竜の皮,4,,
ランポスグリーヴ,0,1,1,2,1,2,0,8,56,0,0,0,-2,0,気絶,3,麻痺,-3,,,,,,,ランポスの皮,2,ランポスの鱗,3,竜骨【小】,4,鉄鉱石,4
ランポスレギンス,0,2,1,2,1,2,0,4,28,0,1,1,-2,0,気絶,2,麻痺,-3,,,,,,,ランポスの皮,2,ランポスの鱗,3,竜骨【小】,4,鉄鉱石,4
ギアノスグリーヴ,0,1,1,3,1,2,0,8,56,0,0,-1,2,0,,,,,,,,,,,ギアノスの鱗,2,ギアノスの皮,2,大地の結晶,2,竜骨【小】,2
ギアノスレギンス,0,2,1,3,1,2,0,4,28,0,0,-1,3,0,,,,,,,,,,,ギアノスの鱗,2,ギアノスの皮,2,大地の結晶,2,竜骨【小】,2
ゲネポスグリーヴ,0,1,1,0,1,2,0,10,58,0,0,1,-2,0,雷属性攻撃,5,,,,,,,,,ゲネポスの大皮,2,ゲネポスの皮,4,鉄鉱石,4,ファンゴの毛皮,2
ゲネポスレギンス,0,2,1,0,1,2,0,5,29,1,0,2,-2,0,雷属性攻撃,5,,,,,,,,,ゲネポスの大皮,2,ゲネポスの皮,4,鉄鉱石,4,ファンゴの毛皮,2
ランゴグリーヴ,0,1,1,2,2,3,0,10,58,-2,1,1,1,2,特殊攻撃,2,属性攻撃,-1,,,,,,,ランゴスタの羽,2,円盤石,3,モンスターの体液,1,,
ランゴレギンス,0,2,1,2,2,3,0,5,29,-2,2,2,2,3,特殊攻撃,1,属性攻撃,-1,,,,,,,ランゴスタの羽,2,円盤石,3,モンスターの体液,1,,
タロスグリーヴ,0,1,1,1,1,3,0,10,58,-1,-1,-1,-1,4,龍属性攻撃,3,龍耐性,3,,,,,,,カンタロスの羽,3,カンタロスの甲殻,3,大地の結晶,4,キラビートル,1
タロスレギンス,0,2,1,1,1,3,0,5,29,-1,-1,-1,-1,6,龍属性攻撃,2,龍耐性,3,,,,,,,カンタロスの羽,3,カンタロスの甲殻,3,大地の結晶,4,キラビートル,1
ブナハブーツ,0,1,1,0,1,3,0,10,58,-2,0,0,0,2,斬れ味,5,火耐性,-3,,,,,,,飛甲虫の甲殻,2,飛甲虫の羽,3,キラビートル,2,セッチャクロアリ,3
ブナハフット,0,2,1,0,1,3,0,5,29,-2,1,1,1,3,弾薬節約,5,火耐性,-3,,,,,,,飛甲虫の甲殻,2,飛甲虫の羽,3,キラビートル,2,セッチャクロアリ,3
モスフット,0,0,1,0,1,1,0,5,29,0,0,0,0,0,食いしん坊,3,,,,,,,,,モスの苔皮,1,ファンゴの毛皮,2,大猪の皮,1,セッチャクロアリ,1
リノプログリーヴ,0,1,1,0,1,2,0,12,60,2,0,0,-2,0,砲術,3,,,,,,,,,草食竜の甲殻,2,竜骨【小】,6,氷結晶,2,,
リノプロレギンス,0,2,1,0,1,2,0,6,30,3,0,0,-2,0,砲術,2,,,,,,,,,草食竜の甲殻,2,竜骨【小】,6,氷結晶,2,,
ファンゴグリーヴ,0,1,1,1,1,2,0,12,60,0,2,-2,1,0,攻撃,3,,,,,,,,,大猪の皮,3,大猪の牙,2,マカライト鉱石,3,,
ファンゴレギンス,0,2,1,1,1,2,0,6,30,0,3,-2,1,0,攻撃,3,,,,,,,,,大猪の皮,3,大猪の牙,2,マカライト鉱石,3,,
アシラグリーヴ,0,1,1,0,2,2,0,14,62,-2,0,-2,0,0,防御,5,ハチミツ,2,攻撃,-5,,,,,青熊獣の腕甲,2,青熊獣の毛,2,飛甲虫の甲殻,2,キラビートル,2
アシラレギンス,0,2,1,0,2,2,0,7,31,-2,0,-2,0,0,防御,5,ハチミツ,2,攻撃,-5,,,,,青熊獣の腕甲,2,青熊獣の毛,2,飛甲虫の甲殻,2,キラビートル,2
ガレオスグリーヴ,0,1,1,2,1,2,0,14,62,2,0,0,-3,0,耐暑,1,水属性攻撃,3,耐寒,-1,,,,,砂竜の鱗,4,砂竜のヒレ,1,鉄鉱石,4,キラビートル,3
ガレオスレギンス,0,2,1,2,1,2,0,7,31,2,0,0,-3,0,耐暑,1,水属性攻撃,2,耐寒,-1,,,,,砂竜の鱗,4,砂竜のヒレ,1,鉄鉱石,4,キラビートル,3
ブレイブパンツ,0,0,2,1,3,4,0,8,33,0,0,0,0,0,火属性攻撃,4,,,,,,,,,ベルナチケット,1,ドラグライト鉱石,2,暖かい毛皮,1,鳥竜種の牙,2
アロイグリーヴ,0,1,2,2,2,3,0,12,62,-1,0,-1,-1,0,研ぎ師,1,,,,,,,,,ベアライト石,2,マカライト鉱石,4,鉄鉱石,2,,
アロイレギンス,0,2,2,2,2,3,0,6,31,-1,0,-1,-1,0,装填速度,1,,,,,,,,,ベアライト石,2,マカライト鉱石,4,鉄鉱石,2,,
バトルグリーヴ,0,1,2,1,3,4,0,12,62,1,-1,-1,0,0,ガード性能,3,,,,,,,,,縞模様の皮,1,暖かい毛皮,1,イーオスの鱗,5,大地の結晶,3
バトルレギンス,0,2,2,1,3,4,0,6,31,2,-1,-1,0,0,反動,3,,,,,,,,,縞模様の皮,1,暖かい毛皮,1,イーオスの鱗,5,大地の結晶,3
インゴットグリーヴ,0,1,2,0,3,4,0,14,64,-1,-1,1,0,0,風圧,5,運気,-2,,,,,,,ドラグライト鉱石,3,紅蓮石,2,円盤石,4,マカライト鉱石,5
インゴットレギンス,0,2,2,0,3,4,0,7,32,-1,-1,2,0,0,風圧,5,運気,-2,,,,,,,ドラグライト鉱石,3,紅蓮石,2,円盤石,4,マカライト鉱石,5
ハイメタグリーヴ,0,1,2,1,3,4,0,14,64,0,-1,2,-1,0,聴覚保護,1,雷耐性,4,,,,,,,ドラグライト鉱石,3,マカライト鉱石,2,鉄鉱石,3,マッカォの鱗,3
ハイメタレギンス,0,2,2,1,3,4,0,7,32,0,-1,3,-1,0,聴覚保護,1,雷耐性,4,,,,,,,ドラグライト鉱石,3,マカライト鉱石,2,鉄鉱石,3,マッカォの鱗,3
メタルブーツ,0,1,2,0,3,4,0,12,62,0,2,-2,0,0,火属性攻撃,7,,,,,,,,,ドラグライト鉱石,3,鉄鉱石,8,キラビートル,2,,
メタルフット,0,2,2,0,3,4,0,6,31,0,3,-2,0,0,火属性攻撃,7,,,,,,,,,ドラグライト鉱石,3,鉄鉱石,8,キラビートル,2,,
メルホアライース,0,1,2,0,1,3,0,12,62,0,1,1,0,0,採取,4,野草知識,2,,,,,,,ドスビスカス,1,ライトクリスタル,1,セッチャクロアリ,3,げどく草,3
メルホアヴルツェル,0,2,2,0,1,3,0,6,31,0,1,1,0,0,採取,4,野草知識,2,,,,,,,ドスビスカス,1,ライトクリスタル,1,セッチャクロアリ,3,げどく草,3
マカルパパンツ,0,1,2,2,1,2,0,14,64,1,2,-2,0,0,調合成功率,1,,,,,,,,,春夜鯉,1,砂竜のヒレ,3,大食いマグロ,2,調合書�@入門編,1
マカルパパルミュ,0,2,2,2,1,2,0,7,32,1,3,-2,0,0,調合成功率,1,,,,,,,,,春夜鯉,1,砂竜のヒレ,3,大食いマグロ,2,調合書�@入門編,1
オウビートガンバ,1,1,2,0,2,4,0,18,68,2,-2,2,-2,3,攻撃,2,体術,4,スタミナ,-2,,,,,オオツノアゲハ,1,ベアライト石,1,モンスターの体液,3,水袋,2
オウビートフェムル,1,2,2,0,2,4,0,9,34,3,-2,2,-2,4,攻撃,2,体術,3,スタミナ,-2,,,,,オオツノアゲハ,1,ベアライト石,1,モンスターの体液,3,水袋,2
パピメルガンバ,2,1,2,0,2,4,0,18,68,2,-2,2,-2,3,攻撃,2,体術,4,スタミナ,-2,,,,,オオツノアゲハ,1,ベアライト石,1,モンスターの体液,3,水袋,2
パピメルフェムル,2,2,2,0,2,4,0,9,34,3,-2,2,-2,4,攻撃,2,体術,3,スタミナ,-2,,,,,オオツノアゲハ,1,ベアライト石,1,モンスターの体液,3,水袋,2
デスギアフェルゼ,0,1,2,0,2,3,0,16,66,2,1,1,-1,0,龍属性攻撃,5,,,,,,,,,禍々しい布,1,イーオスの紫鱗,2,竜骨【中】,4,セッチャクロアリ,2
デスギアヴィレ,0,2,2,0,2,3,0,8,33,3,1,1,-1,0,龍属性攻撃,5,,,,,,,,,禍々しい布,1,イーオスの紫鱗,2,竜骨【中】,4,セッチャクロアリ,2
マギュルライース,1,1,2,0,2,3,0,14,64,-3,1,0,2,0,溜め短縮,5,体術,-3,,,,,,,ペピポパンプキン,1,竜骨【大】,1,はじけクルミ,10,セッチャクロアリ,5
マギュルヴルツェル,1,2,2,0,2,3,0,7,32,-3,2,0,3,0,溜め短縮,5,体術,-3,,,,,,,ペピポパンプキン,1,竜骨【大】,1,はじけクルミ,10,セッチャクロアリ,5
エーデルライース,0,1,2,0,1,3,0,14,64,-1,3,-1,0,0,広域,3,野草知識,3,,,,,,,星見の花,1,水袋,1,セッチャクロアリ,5,ユクモの木,1
エーデルヴルツェル,0,2,2,0,1,3,0,7,32,-1,4,-1,0,0,広域,3,野草知識,2,,,,,,,星見の花,1,水袋,1,セッチャクロアリ,5,ユクモの木,1
スカルダガンバ,1,1,2,2,1,1,0,18,68,3,-1,-1,-1,3,特殊会心,2,攻撃,-1,,,,,,,毒クモリ,1,クモの巣,5,麻痺袋,2,キラビートル,3
スカルダフェムル,1,2,2,2,1,1,0,9,34,4,-1,-1,-1,3,特殊会心,2,攻撃,-1,,,,,,,毒クモリ,1,クモの巣,5,麻痺袋,2,キラビートル,3
スパイオガンバ,2,1,2,2,1,1,0,18,68,3,-1,-1,-1,3,特殊会心,2,攻撃,-1,,,,,,,毒クモリ,1,クモの巣,5,麻痺袋,2,キラビートル,3
スパイオフェムル,2,2,2,2,1,1,0,9,34,4,-1,-1,-1,3,特殊会心,2,攻撃,-1,,,,,,,毒クモリ,1,クモの巣,5,麻痺袋,2,キラビートル,3
ドロスグリーヴ,0,1,2,1,1,3,0,12,62,-2,4,-1,0,0,節食,2,,,,,,,,,未熟な海綿質,3,水生獣の皮,3,暖かい毛皮,3,とがった爪,4
ドロスレギンス,0,2,2,1,1,3,0,6,31,-2,5,-1,0,0,節食,2,,,,,,,,,未熟な海綿質,3,水生獣の皮,3,暖かい毛皮,3,とがった爪,4
ランポスーツフット,0,1,2,0,3,4,0,10,60,1,2,1,1,1,運気,2,加護,-2,,,,,,,ランポスの大皮,3,ドラグライト鉱石,2,ランポスの大爪,2,鎌蟹の小殻,3
ランポスーツタイツ,0,2,2,0,3,4,0,5,30,1,3,1,1,1,運気,2,加護,-2,,,,,,,ランポスの大皮,3,ドラグライト鉱石,2,ランポスの大爪,2,鎌蟹の小殻,3
ゲネポスーツフット,0,1,2,0,3,4,0,10,60,1,1,2,1,1,運気,2,加護,-2,,,,,,,ゲネポスの大皮,3,ドスヘラクレス,2,ゲネポスの大牙,2,未熟な海綿質,3
ゲネポスーツタイツ,0,2,2,0,3,4,0,5,30,1,1,3,1,1,運気,2,加護,-2,,,,,,,ゲネポスの大皮,3,ドスヘラクレス,2,ゲネポスの大牙,2,未熟な海綿質,3
イーオスーツフット,0,1,2,0,3,4,0,10,60,2,1,1,1,1,運気,2,加護,-2,,,,,,,イーオスの大皮,3,溶岩獣の鱗,2,イーオスの紫鱗,2,盾蟹の小殻,3
イーオスーツタイツ,0,2,2,0,3,4,0,5,30,3,1,1,1,1,運気,2,加護,-2,,,,,,,イーオスの大皮,3,溶岩獣の鱗,2,イーオスの紫鱗,2,盾蟹の小殻,3
ガブラスーツフット,0,1,2,0,3,4,0,10,60,1,1,1,1,2,運気,2,加護,-2,,,,,,,縞模様の皮,5,ドスヘラクレス,1,ドラグライト鉱石,2,竜骨【小】,3
ガブラスーツタイツ,0,2,2,0,3,4,0,5,30,1,1,1,1,3,運気,2,加護,-2,,,,,,,縞模様の皮,5,ドスヘラクレス,1,ドラグライト鉱石,2,竜骨【小】,3
イーオスグリーヴ,0,1,2,0,2,3,0,14,64,2,-1,-1,0,0,毒,5,気絶,-5,,,,,,,イーオスの皮,2,イーオスの鱗,4,竜骨【小】,3,鉄鉱石,2
イーオスレギンス,0,2,2,0,2,3,0,7,32,3,-1,-1,0,0,毒,5,気絶,-5,,,,,,,イーオスの皮,2,イーオスの鱗,4,竜骨【小】,3,鉄鉱石,2
クックグリーヴ,0,1,2,2,1,3,0,16,66,4,-1,0,-3,0,攻撃,1,防御,-1,,,,,,,怪鳥の耳,2,怪鳥の甲殻,2,怪鳥の翼膜,2,マッカォの皮,2
クックレギンス,0,2,2,2,1,3,0,8,33,5,-1,0,-3,0,攻撃,1,防御,-1,,,,,,,怪鳥の耳,2,怪鳥の甲殻,2,怪鳥の翼膜,2,マッカォの皮,2
ウルクグリーヴ,0,1,2,1,1,3,0,14,64,-3,1,0,4,0,回避性能,3,体力,-3,,,,,,,白兎獣の毛,2,白兎獣の腹甲,2,白兎獣の氷爪,1,セッチャクロアリ,8
ウルクレギンス,0,2,2,1,1,3,0,7,32,-3,1,0,5,0,回避性能,3,体力,-3,,,,,,,白兎獣の毛,2,白兎獣の腹甲,2,白兎獣の氷爪,1,セッチャクロアリ,8
ゲリョスグリーヴ,0,1,2,1,1,3,0,16,66,-3,1,4,-1,0,スタミナ,3,腹減り,-3,,,,,,,ゴム質の皮,3,毒怪鳥の翼膜,1,大地の結晶,1,ゲネポスの皮,3
ゲリョスレギンス,0,2,2,1,1,3,0,8,33,-3,1,5,-1,0,スタミナ,3,腹減り,-3,,,,,,,ゴム質の皮,3,毒怪鳥の翼膜,1,大地の結晶,1,ゲネポスの皮,3
カブラグリーヴ,0,1,2,1,1,3,0,18,68,2,-3,-1,0,1,耐震,4,睡眠,-3,,,,,,,鬼蛙の爪,2,鬼蛙の甲殻,3,草食竜の甲殻,2,大地の結晶,3
カブラレギンス,0,2,2,1,1,3,0,9,34,3,-3,-1,0,1,耐震,3,睡眠,-3,,,,,,,鬼蛙の爪,2,鬼蛙の甲殻,3,草食竜の甲殻,2,大地の結晶,3
ザザミグリーヴ,0,1,2,3,1,3,0,20,70,-1,3,-3,0,1,,,,,,,,,,,盾蟹の爪,1,盾蟹の小殻,4,大猪の皮,2,マカライト鉱石,2
ザザミレギンス,0,2,2,3,1,3,0,10,35,-1,4,-3,0,1,,,,,,,,,,,盾蟹の爪,1,盾蟹の小殻,4,大猪の皮,2,マカライト鉱石,2
ラングログリーヴ,0,1,2,1,2,4,0,18,68,2,-3,0,-1,1,溜め短縮,2,気力回復,-2,,,,,,,赤甲獣の爪,2,赤甲獣の甲殻,2,赤甲獣の蛇腹甲,1,ベアライト石,4
ラングロレギンス,0,2,2,1,2,4,0,9,34,3,-3,0,-1,1,溜め短縮,2,気力回復,-2,,,,,,,赤甲獣の爪,2,赤甲獣の甲殻,2,赤甲獣の蛇腹甲,1,ベアライト石,4
ルドロスグリーヴ,0,1,2,0,1,3,0,18,68,-3,4,-1,0,0,気力回復,1,腹減り,3,,,,,,,水獣の爪,2,水獣の鱗,3,海綿質の皮,2,セッチャクロアリ,3
ルドロスレギンス,0,2,2,0,1,3,0,9,34,-3,5,-1,0,0,気力回復,1,腹減り,3,,,,,,,水獣の爪,2,水獣の鱗,3,海綿質の皮,2,セッチャクロアリ,3
ホロログリーヴ,0,1,2,2,2,4,0,18,68,-2,-2,1,1,0,痛撃,2,,,,,,,,,夜鳥の羽鱗,2,夜鳥の翼爪,2,マカライト鉱石,2,首鳴竜の皮,5
ホロロレギンス,0,2,2,2,2,4,0,9,34,-1,-2,1,1,0,痛撃,1,,,,,,,,,夜鳥の羽鱗,2,夜鳥の翼爪,2,マカライト鉱石,2,首鳴竜の皮,5
フルフルグリーヴ,0,1,2,1,2,3,0,18,68,-4,1,4,2,1,回復速度,4,回復量,1,,,,,,,ブヨブヨした皮,2,マカライト鉱石,2,ファンゴの毛皮,3,,
フルフルレギンス,0,2,2,1,2,3,0,9,34,-4,1,5,2,1,回復速度,4,回復量,1,,,,,,,ブヨブヨした皮,2,マカライト鉱石,2,ファンゴの毛皮,3,,
レイアグリーヴ,0,1,2,0,3,4,0,20,70,3,0,-2,0,-3,回復量,3,体力,1,回復速度,-3,,,,,雌火竜の甲殻,3,雌火竜の鱗,4,竜骨【大】,3,紅蓮石,1
レイアレギンス,0,2,2,0,3,4,0,10,35,4,0,-2,0,-3,回復量,3,体力,1,回復速度,-3,,,,,雌火竜の甲殻,3,雌火竜の鱗,4,竜骨【大】,3,紅蓮石,1
ハプルグリーヴ,0,1,2,1,2,3,0,20,70,2,0,-1,-3,1,食事,2,食いしん坊,2,回復量,-1,,,,,潜口竜の甲殻,3,潜口竜の爪,1,潜口竜の皮,3,甲虫の大顎,3
ハプルレギンス,0,2,2,0,2,3,0,10,35,3,0,-1,-3,1,食事,2,食いしん坊,2,回復量,-1,,,,,潜口竜の甲殻,3,潜口竜の爪,1,潜口竜の皮,3,甲虫の大顎,3
ブランゴグリーヴ,0,1,2,1,2,4,0,18,68,-4,1,0,4,0,氷属性攻撃,6,,,,,,,,,雪獅子の髭,1,とがった爪,5,獣骨,4,暖かい毛皮,2
ブランゴレギンス,0,2,2,1,2,4,0,9,34,-4,1,0,5,0,氷属性攻撃,6,,,,,,,,,雪獅子の髭,1,とがった爪,5,獣骨,4,暖かい毛皮,2
ギザミグリーヴ,0,1,2,1,2,4,0,20,70,1,2,-1,-1,0,斬れ味,1,達人,3,雷耐性,-2,,,,,鎌蟹の脚,2,鎌蟹の甲殻,3,マカライト鉱石,3,キラビートル,1
ギザミレギンス,0,2,2,1,2,4,0,10,35,2,2,-1,-1,0,弾薬節約,1,達人,3,雷耐性,-2,,,,,鎌蟹の脚,2,鎌蟹の甲殻,3,マカライト鉱石,3,キラビートル,1
ガララグリーヴ,0,1,2,1,3,4,0,20,70,1,-1,0,-3,1,捕獲,3,,,,,,,,,絞蛇竜の皮,3,絞蛇竜の甲殻,3,絞蛇竜の牙,3,溶岩獣の鱗,3
ガララレギンス,0,2,2,1,3,4,0,10,35,1,-1,1,-3,1,捕獲,3,,,,,,,,,絞蛇竜の皮,3,絞蛇竜の甲殻,3,絞蛇竜の牙,3,溶岩獣の鱗,3
ナルガグリーヴ,0,1,2,1,3,4,0,18,68,-2,1,-3,1,1,回避距離,4,,,,,,,,,迅竜の牙,6,迅竜の鱗,3,迅竜の尾棘,2,ドスヘラクレス,3
ナルガレギンス,0,2,2,1,3,4,0,9,34,-2,1,-2,1,1,回避距離,4,,,,,,,,,迅竜の牙,6,迅竜の鱗,3,迅竜の尾棘,2,ドスヘラクレス,3
サージュブーツ,0,1,2,0,2,3,0,18,68,0,0,0,0,0,捕獲,1,細菌学,4,底力,-2,,,,,雲羊鹿の毛玉,3,首鳴竜の皮,1,ゴム質の皮,2,,
サージュタイツ,0,2,2,0,2,3,0,9,34,0,0,0,0,0,捕獲,1,細菌学,4,底力,-2,,,,,雲羊鹿の毛玉,3,首鳴竜の皮,1,ゴム質の皮,2,,
ヴァイクグリーヴ,0,1,3,1,3,5,0,20,70,0,3,-2,-1,0,水属性攻撃,5,,,,,,,,,ヨロイシダイ,1,上竜骨,1,円盤石,3,はじけイワシ,20
ヴァイクレギンス,0,2,3,1,3,5,0,10,35,0,4,-2,-1,0,水属性攻撃,5,,,,,,,,,ヨロイシダイ,1,上竜骨,1,円盤石,3,はじけイワシ,20
ロワーガガンバ,1,1,3,1,3,4,0,20,70,-2,0,3,-2,2,気力回復,5,,,,,,,,,オオクワアゲハ,1,溶岩塊,1,ドスヘラクレス,1,ツチハチノコ,10
ロワーガフェムル,1,2,3,1,3,4,0,10,35,-2,0,3,-2,3,気力回復,5,,,,,,,,,オオクワアゲハ,1,溶岩塊,1,ドスヘラクレス,1,ツチハチノコ,10
ファルメルガンバ,2,1,3,1,3,4,0,20,70,-2,0,3,-2,2,気力回復,5,,,,,,,,,オオクワアゲハ,1,溶岩塊,1,ドスヘラクレス,1,ツチハチノコ,10
ファルメルフェムル,2,2,3,1,3,4,0,10,35,-2,0,3,-2,3,気力回復,5,,,,,,,,,オオクワアゲハ,1,溶岩塊,1,ドスヘラクレス,1,ツチハチノコ,10
アーティアグリーヴ,0,1,3,0,2,3,0,24,74,1,-2,-2,2,3,雷属性攻撃,6,,,,,,,,,さびた破片,1,ベアライト石,6,マカライト鉱石,8,鉄鉱石,14
アーティアレギンス,0,2,3,0,2,3,0,12,37,3,-2,-2,2,3,雷属性攻撃,6,,,,,,,,,さびた破片,1,ベアライト石,6,マカライト鉱石,8,鉄鉱石,14
ガルルガグリーヴ,0,1,3,1,2,5,0,22,72,2,-1,2,0,0,聴覚保護,3,水耐性,-4,,,,,,,黒狼鳥の鱗,5,黒狼鳥の甲殻,4,セッチャクロアリ,4,ゲネポスの大皮,2
ガルルガレギンス,0,2,3,1,2,5,0,11,36,3,-1,2,0,0,聴覚保護,3,水耐性,-4,,,,,,,黒狼鳥の鱗,5,黒狼鳥の甲殻,4,セッチャクロアリ,4,ゲネポスの大皮,2
ガンキングリーヴ,0,1,3,1,3,5,0,26,76,3,-4,0,-1,-2,抜刀減気,3,,,,,,,,,爆鎚竜の甲殻,4,爆鎚竜の鱗,4,溶岩塊,3,赤甲獣の蛇腹甲,3
ガンキンレギンス,0,2,3,1,3,5,0,13,38,4,-4,0,-1,-2,散弾強化,3,,,,,,,,,爆鎚竜の甲殻,4,爆鎚竜の鱗,4,溶岩塊,3,赤甲獣の蛇腹甲,3
レウスグリーヴ,0,1,3,0,3,5,0,24,74,4,0,-2,0,-4,攻撃,4,防御,-3,,,,,,,火竜の甲殻,3,火竜の鱗,4,火炎袋,2,マカライト鉱石,5
レウスレギンス,0,2,3,0,3,5,0,12,37,5,0,-2,0,-4,攻撃,4,防御,-3,,,,,,,火竜の甲殻,3,火竜の鱗,4,火炎袋,2,マカライト鉱石,5
ラギアグリーヴ,0,1,3,0,3,5,0,24,74,-3,2,4,-1,-2,気力回復,2,ガード性能,3,特殊攻撃,-2,,,,,海竜の鱗,2,海竜の皮,3,海竜の爪,3,ドスヘラクレス,3
ラギアレギンス,0,2,3,0,3,5,0,12,37,-3,2,5,-1,-2,気力回復,2,貫通弾強化,3,特殊攻撃,-2,,,,,海竜の鱗,2,海竜の皮,3,海竜の爪,3,ドスヘラクレス,3
ジンオウグリーヴ,0,1,3,1,3,6,0,22,72,0,-1,4,-4,1,本気,3,属性会心,2,氷耐性,-2,,,,,雷狼竜の蓄電殻,3,雷狼竜の甲殻,3,雷狼竜の爪,3,超電雷光虫,3
ジンオウレギンス,0,2,3,1,3,6,0,11,36,0,-1,5,-4,1,本気,2,属性会心,2,氷耐性,-2,,,,,雷狼竜の蓄電殻,3,雷狼竜の甲殻,3,雷狼竜の爪,3,超電雷光虫,3
ミツネグリーヴ,0,1,3,1,3,5,0,20,70,0,2,-3,1,-1,泡沫,2,腹減り,3,雷耐性,-2,,,,,泡狐竜の鱗,4,泡狐竜の紫毛,3,泡立つ滑液,3,マカライト鉱石,6
ミツネレギンス,0,2,3,1,3,5,0,10,35,0,2,-2,1,-1,泡沫,2,腹減り,3,雷耐性,-2,,,,,泡狐竜の鱗,4,泡狐竜の紫毛,3,泡立つ滑液,3,マカライト鉱石,6
ゼクスグリーヴ,0,1,3,1,3,5,0,24,74,0,-2,3,-3,2,連撃,1,気絶,3,氷耐性,-2,,,,,電竜の棘殻,4,電竜の帯電膜,2,電竜の鱗,4,ドラグライト鉱石,5
ゼクスレギンス,0,2,3,1,3,5,0,12,37,0,-2,4,-3,2,連撃,1,気絶,3,氷耐性,-2,,,,,電竜の棘殻,4,電竜の帯電膜,2,電竜の鱗,4,ドラグライト鉱石,5
ガムートグリーヴ,0,1,3,0,3,5,0,26,76,-3,1,-1,3,2,寒冷適応,2,野草知識,4,火耐性,-2,,,,,巨獣の牙,2,巨獣の毛,4,巨獣の甲殻,2,ファンゴの毛皮,8
ガムートレギンス,0,2,3,0,3,5,0,13,38,-3,1,-1,4,2,寒冷適応,2,野草知識,4,火耐性,-2,,,,,巨獣の牙,2,巨獣の毛,4,巨獣の甲殻,2,ファンゴの毛皮,8
ディノグリーヴ,0,1,3,2,3,6,0,24,74,3,-3,1,0,-1,研磨術,1,剣術,1,水耐性,-2,,,,,斬竜の甲殻,4,斬竜の炎状殻,2,紅蓮石,2,跳狗竜の赤皮,4
ディノレギンス,0,2,3,2,3,6,0,12,37,4,-3,1,0,-1,研磨術,1,反動,1,水耐性,-2,,,,,斬竜の甲殻,4,斬竜の炎状殻,2,紅蓮石,2,跳狗竜の赤皮,4
ゴアグリーヴ,0,1,3,1,3,6,0,24,74,-2,2,-1,2,-2,回避性能,3,ガード性能,-2,,,,,,,黒蝕竜の甲殻,3,黒蝕竜の鱗,1,黒蝕竜の惨爪,2,翼蛇竜の皮,5
ゴアレギンス,0,2,3,1,3,6,0,12,37,-2,3,-1,2,-2,回避性能,3,ガード性能,-2,,,,,,,黒蝕竜の甲殻,3,黒蝕竜の鱗,1,黒蝕竜の惨爪,2,翼蛇竜の皮,5
レギオスグリーヴ,0,1,3,0,3,6,0,24,74,2,0,-3,-2,0,抜刀会心,1,体術,3,スタミナ,-2,,,,,千刃竜の刃鱗,5,千刃竜の爪,5,千刃竜の翼爪,3,上竜骨,4
レギオスレギンス,0,2,3,0,3,6,0,12,37,4,0,-3,-2,0,射法,1,体術,3,スタミナ,-2,,,,,千刃竜の刃鱗,5,千刃竜の爪,5,千刃竜の翼爪,3,上竜骨,4
レックスグリーヴ,0,1,3,1,3,6,0,24,74,2,0,-3,0,-2,食事,2,聴覚保護,2,回復量,-1,,,,,轟竜の鱗,4,轟竜の爪,5,轟竜の甲殻,3,ドラグライト鉱石,2
レックスレギンス,0,2,3,1,3,6,0,12,37,4,0,-3,0,-2,食事,2,聴覚保護,2,回復量,-1,,,,,轟竜の鱗,4,轟竜の爪,5,轟竜の甲殻,3,ドラグライト鉱石,2
キリンレガース,0,1,3,1,3,6,0,26,76,-1,-1,3,0,2,属性攻撃,3,加護,1,効果持続,-2,,,,,キリンの皮,1,ブヨブヨした皮,2,ゴム質の皮,3,電気袋,3
キリンブーツ,0,2,3,1,3,6,0,13,38,-1,-1,4,0,2,属性攻撃,3,加護,1,効果持続,-2,,,,,キリンの皮,1,ブヨブヨした皮,2,ゴム質の皮,3,電気袋,3
ブラキグリーヴ,0,1,3,2,3,6,0,24,74,2,-4,0,-2,0,闘魂,1,細菌学,1,乗り,-2,,,,,砕竜の甲殻,4,なぞの粘菌,2,砕竜の拳,2,ドラグライト鉱石,5
ブラキレギンス,0,2,3,2,3,6,0,12,37,2,-3,0,-2,0,闘魂,1,細菌学,1,乗り,-2,,,,,砕竜の甲殻,4,なぞの粘菌,2,砕竜の拳,2,ドラグライト鉱石,5
アークグリーヴ,1,1,3,0,3,6,0,26,76,-2,2,0,2,-4,無傷,2,匠,3,,,,,,,天廻龍の甲殻,3,天廻龍の鱗,1,天廻龍の浄爪,3,上竜骨,4
アークレギンス,1,2,3,0,3,6,0,13,38,-2,2,0,2,-3,無傷,2,通常弾強化,2,,,,,,,天廻龍の甲殻,3,天廻龍の鱗,1,天廻龍の浄爪,3,上竜骨,4
フィリアグリーヴ,2,1,3,0,3,6,0,26,76,-2,2,0,2,-4,無傷,2,匠,3,,,,,,,天廻龍の甲殻,3,天廻龍の鱗,1,天廻龍の浄爪,3,上竜骨,4
フィリアレギンス,2,2,3,0,3,6,0,13,38,-2,2,0,2,-3,無傷,2,通常弾強化,2,,,,,,,天廻龍の甲殻,3,天廻龍の鱗,1,天廻龍の浄爪,3,上竜骨,4
クシャナペイル,0,1,3,0,3,99,0,26,76,-1,2,-2,3,-3,耐暑,2,重撃,2,,,,,,,鋼龍の甲殻,3,鋼の龍鱗,4,鋼龍の爪,1,ドラグライト鉱石,3
クシャナハディ,0,2,3,0,3,99,0,13,38,-1,2,-2,5,-3,耐暑,2,重撃,2,,,,,,,鋼龍の甲殻,3,鋼の龍鱗,4,鋼龍の爪,1,ドラグライト鉱石,3
ミヅハ【具足】,0,1,3,0,3,99,0,26,76,-5,1,0,2,-3,聴覚保護,2,風圧,1,,,,,,,霞龍の皮,2,霞龍の翼膜,1,ブヨブヨした皮,2,黒真珠,5
トヨタマ【具足】,0,2,3,0,3,99,0,13,38,-4,1,0,2,-3,聴覚保護,2,風圧,1,,,,,,,霞龍の皮,2,霞龍の翼膜,1,ブヨブヨした皮,2,黒真珠,5
カイザーグリーヴ,0,1,3,1,3,99,0,26,76,4,-4,1,-1,-3,炎熱適応,2,毒,2,,,,,,,炎王龍の甲殻,3,炎龍の翼膜,2,紅蓮石,2,古龍の血,1
カイザーレギンス,0,2,3,1,3,99,0,13,38,4,-3,1,-1,-3,炎熱適応,2,毒,2,,,,,,,炎王龍の甲殻,3,炎龍の翼膜,2,紅蓮石,2,古龍の血,1
骸装甲【大腿骨】,0,1,3,1,3,99,0,26,76,-1,-1,-1,-1,-2,逆上,2,逆境,2,,,,,,,骸椎骨,2,骸体殻,2,発光する粘液,1,カワズの油,2
屍装甲【大腿骨】,0,2,3,1,3,99,0,13,38,-1,-1,-1,-1,-1,逆上,2,逆境,2,,,,,,,骸椎骨,2,骸体殻,2,発光する粘液,1,カワズの油,2
ブラックフット,0,1,3,1,99,5,0,24,74,2,2,2,2,-5,属性耐性,1,溜め短縮,2,,,,,,,黒い塊,1,黒いかけら,2,いにしえの秘薬,1,黒真珠,1
ブラックレグス,0,2,3,1,99,5,0,12,37,2,2,2,2,-4,属性耐性,1,溜め短縮,1,,,,,,,黒い塊,1,黒いかけら,2,いにしえの秘薬,1,黒真珠,1
クロオビグリーヴ,0,1,3,0,3,5,0,22,72,1,1,1,1,1,胴系統倍加,0,,,,,,,,,クロオビチケット,1,ゲリョスコイン,2,上竜骨,1,,
クロオビレギンス,0,2,3,0,3,5,0,11,36,1,1,1,1,2,胴系統倍加,0,,,,,,,,,クロオビチケット,1,ゲリョスコイン,2,上竜骨,1,,
ギルドバードブーツ,1,1,3,1,3,5,0,20,70,0,0,0,0,0,運気,2,号令,2,気まぐれ,-2,,,,,龍歴院チケット,1,黒狼鳥の翼,3,ドラグライト鉱石,3,,
ギルドバードフット,1,2,3,1,3,5,0,10,35,0,0,0,0,0,運気,1,号令,2,気まぐれ,-2,,,,,龍歴院チケット,1,黒狼鳥の翼,3,ドラグライト鉱石,3,,
メイドソックス,2,1,3,1,99,3,0,20,70,0,0,0,0,0,運気,2,采配,2,気まぐれ,-2,,,,,ココットチケット,1,ゲネポスの大皮,5,カンタロスの甲殻,3,,
プライベートタイツ,2,2,3,1,99,3,0,10,35,0,0,0,0,0,運気,1,采配,2,気まぐれ,-2,,,,,ココットチケット,1,ゲネポスの大皮,5,カンタロスの甲殻,3,,
ヘルパーソックス,2,1,3,1,99,3,0,20,70,0,0,0,0,0,広域,3,回復量,1,回復速度,-1,,,,,ポッケチケット,1,ライトクリスタル,2,大猪の皮,5,,
ヒーラーソックス,2,2,3,1,99,3,0,10,35,0,0,0,0,0,広域,2,回復量,2,気配,-1,,,,,ポッケチケット,1,ライトクリスタル,2,大猪の皮,5,,
撫子【球袴】,2,1,3,1,99,2,0,20,70,0,0,0,0,0,千里眼,2,観察眼,2,,,,,,,ユクモチケット,1,ユクモの木,2,鮮やかな体液,4,,
桔梗【球袴】,2,2,3,1,99,2,0,10,35,0,0,0,0,0,千里眼,2,観察眼,2,,,,,,,ユクモチケット,1,ユクモの木,2,鮮やかな体液,4,,
ユアミサンダル,0,0,3,0,99,6,0,10,35,-2,-2,-2,-2,0,剥ぎ取り,3,,,,,,,,,足湯チケット,1,希望の証,1,白兎獣の毛,3,,
グルニャンブーツ,0,1,3,2,99,6,0,22,72,1,1,1,1,1,回復量,2,,,,,,,,,希望の証,1,ビストロチケット,1,足湯チケット,1,暖かい毛皮,3
グルニャンフット,0,2,3,2,99,6,0,11,36,1,1,1,1,1,回復量,2,,,,,,,,,希望の証,1,ビストロチケット,1,足湯チケット,1,暖かい毛皮,3
レザーＳグリーヴ,0,1,4,1,4,99,0,24,100,0,0,0,0,0,気まぐれ,1,採取,3,,,,,,,上質な毛皮,2,上竜骨,2,ファンゴの上毛皮,1,,
レザーＳレギンス,0,2,4,1,4,99,0,12,88,0,1,1,0,0,気まぐれ,1,採取,2,,,,,,,上質な毛皮,2,上竜骨,2,ファンゴの上毛皮,1,,
チェーンＳグリーヴ,0,1,4,0,4,99,0,24,100,0,0,1,0,0,体力,5,,,,,,,,,カブレライト鉱石,2,マカライト鉱石,2,鉄鉱石,5,,
チェーンＳレギンス,0,2,4,0,4,99,0,12,88,0,0,1,1,0,体力,5,,,,,,,,,カブレライト鉱石,2,マカライト鉱石,2,鉄鉱石,5,,
ベルダーＳグリーヴ,0,1,4,0,4,99,0,26,102,0,1,0,0,0,加護,3,広域,1,,,,,,,上質な毛皮,2,ベルナチケット,1,雲羊鹿の毛玉,5,,
ベルダーＳレギンス,0,2,4,0,4,99,0,13,51,0,2,0,0,0,加護,3,広域,1,,,,,,,上質な毛皮,2,ベルナチケット,1,雲羊鹿の毛玉,5,,
ハントＳグリーヴ,0,1,4,2,4,99,0,26,102,1,0,0,0,0,高速設置,3,爆弾強化,1,,,,,,,カブレライト鉱石,2,ココットチケット,1,ファンゴの上毛皮,4,モンスターの体液,5
ハントＳレギンス,0,2,4,2,4,99,0,13,51,2,0,0,0,0,高速設置,3,爆弾強化,1,,,,,,,カブレライト鉱石,2,ココットチケット,1,ファンゴの上毛皮,4,モンスターの体液,5
マフモフＳブーツ,0,1,4,0,4,99,0,26,102,-1,0,0,2,0,耐寒,4,溜め短縮,2,,,,,,,上質な毛皮,2,ポッケチケット,1,ファンゴの上毛皮,3,,
マフモフＳタイツ,0,2,4,0,4,99,0,13,51,-1,0,0,4,0,耐寒,4,溜め短縮,2,,,,,,,上質な毛皮,2,ポッケチケット,1,ファンゴの上毛皮,3,,
ユクモノハカマ・天,0,1,4,1,4,99,0,26,102,0,0,1,0,0,達人,3,回避性能,2,,,,,,,ユクモの堅木,3,ユクモチケット,1,王族カナブン,2,,
ユクモノハカマ・地,0,2,4,1,4,99,0,13,51,0,0,2,0,0,達人,2,回避性能,2,,,,,,,ユクモの堅木,3,ユクモチケット,1,王族カナブン,2,,
ロックラックＳブーツ,0,0,4,1,4,99,0,15,53,1,0,0,0,2,運搬,4,耐暑,4,,,,,,,上質な腹袋,3,モンスターの濃汁,2,モンスターの体液,4,,
ハンターＳグリーヴ,0,1,4,2,4,99,0,26,102,0,0,0,0,0,狩人,1,捕獲,2,,,,,,,ファンゴの上毛皮,2,ドラグライト鉱石,3,竜骨【大】,2,上質な鳥竜骨,4
ハンターＳレギンス,0,2,4,2,4,99,0,13,51,0,0,0,0,0,狩人,1,捕獲,2,,,,,,,ファンゴの上毛皮,2,ドラグライト鉱石,3,竜骨【大】,2,上質な鳥竜骨,4
ハンターＲグリーヴ,0,1,4,1,6,99,0,22,98,0,0,0,0,0,闘魂,1,観察眼,3,ガード性能,-1,,,,,獰猛化エキス,1,電竜の上鱗,5,ドラグライト鉱石,10,獰猛化素材(上位pts),5
ハンターＲレギンス,0,2,4,1,6,99,0,11,49,0,0,0,0,0,闘魂,1,観察眼,2,反動,-1,,,,,獰猛化エキス,1,電竜の上鱗,5,ドラグライト鉱石,10,獰猛化素材(上位pts),5
ボーンＳグリーヴ,0,1,4,0,4,99,0,30,106,0,0,0,-1,0,笛,6,鈍器,3,攻撃,-2,,,,,上質な鳥竜骨,2,竜骨【小】,3,上竜骨,2,,
ボーンＳレギンス,0,2,4,0,4,99,0,15,53,0,0,0,-1,0,笛,6,変則射撃,3,攻撃,-2,,,,,上質な鳥竜骨,2,竜骨【小】,3,上竜骨,2,,
シルバーメタルブーツ,0,1,4,1,4,99,0,32,108,0,2,-2,0,0,火属性攻撃,8,属性攻撃,-2,,,,,,,カブレライト鉱石,3,ドラグライト鉱石,8,ドスヘラクレス,2,,
シルバーメタルフット,0,2,4,1,4,99,0,16,54,0,3,-2,0,0,火属性攻撃,8,属性攻撃,-2,,,,,,,カブレライト鉱石,3,ドラグライト鉱石,8,ドスヘラクレス,2,,
メルホアＳライース,0,1,4,0,4,99,0,32,108,0,1,1,0,0,採取,4,野草知識,2,,,,,,,王族カナブン,4,ドスビスカス,2,げどく草,10,秘薬,2
メルホアＳヴルツェル,0,2,4,0,4,99,0,16,54,0,1,1,0,0,採取,4,野草知識,2,,,,,,,王族カナブン,4,ドスビスカス,2,げどく草,10,秘薬,2
メルホアＵライース,0,1,4,1,4,99,0,28,104,0,1,1,0,0,採取,4,耐寒,2,,,,,,,ノヴァクリスタル,1,ドスビスカス,2,げどく草,10,秘薬,2
メルホアＵヴルツェル,0,2,4,1,4,99,0,14,52,0,1,1,0,0,採取,3,耐寒,2,,,,,,,ノヴァクリスタル,1,ドスビスカス,2,げどく草,10,秘薬,2
マカルパＳパンツ,0,1,4,2,4,99,0,36,112,1,2,-2,0,0,調合成功率,1,調合数,3,,,,,,,砂竜の上鱗,8,春夜鯉,2,古代魚,1,調合書�A初級編,1
マカルパＳパルミュ,0,2,4,2,4,99,0,18,56,1,3,-2,0,0,調合成功率,1,調合数,3,,,,,,,砂竜の上鱗,8,春夜鯉,2,古代魚,1,調合書�A初級編,1
マカルパＵパンツ,0,1,4,2,5,99,0,32,108,1,2,-2,0,0,調合成功率,5,,,,,,,,,水竜の上鱗,8,春夜鯉,2,古代魚,1,調合書�B中級編,1
マカルパＵパルミュ,0,2,4,2,5,99,0,16,54,1,3,-2,0,0,調合成功率,5,,,,,,,,,水竜の上鱗,8,春夜鯉,2,古代魚,1,調合書�B中級編,1
マギュルＳライース,0,1,4,0,4,99,0,36,112,-3,1,0,2,0,溜め短縮,5,体術,-2,,,,,,,王族カナブン,4,ペピポパンプキン,2,上質な腹袋,3,交易チケット,1
マギュルＳヴルツェル,0,2,4,0,4,99,0,18,56,-3,2,0,3,0,溜め短縮,5,体術,-2,,,,,,,王族カナブン,4,ペピポパンプキン,2,上質な腹袋,3,交易チケット,1
エーデルＳライース,0,1,4,0,4,99,0,34,110,-1,3,-1,0,0,広域,4,野草知識,3,気配,-2,,,,,大水袋,2,星見の花,2,ベルナチケット,1,ユクモの堅木,2
エーデルＳヴルツェル,0,2,4,0,4,99,0,17,55,-1,4,-1,0,0,広域,3,野草知識,2,気配,-2,,,,,大水袋,2,星見の花,2,ベルナチケット,1,ユクモの堅木,2
ランポスーツＳフット,0,1,4,0,4,99,0,20,96,1,2,1,1,1,運気,2,腹減り,-2,,,,,,,ランポスの大上皮,2,ランポスの大尖爪,2,上質な鳥竜骨,6,ランポスの皮,10
ランポスーツＳタイツ,0,2,4,0,4,99,0,10,48,1,3,1,1,1,運気,2,腹減り,-2,,,,,,,ランポスの大上皮,2,ランポスの大尖爪,2,上質な鳥竜骨,6,ランポスの皮,10
ギアノスーツフット,0,1,4,0,4,7,0,28,104,1,1,1,2,1,運気,2,加護,-2,,,,,,,ギアノスの大上皮,3,ギアノスの大尖爪,2,上質な毛皮,4,上質な鳥竜骨,3
ギアノスーツタイツ,0,2,4,0,4,7,0,14,52,1,1,1,3,1,運気,2,加護,-2,,,,,,,ギアノスの大上皮,3,ギアノスの大尖爪,2,上質な毛皮,4,上質な鳥竜骨,3
ゲネポスーツＳフット,0,1,4,0,4,99,0,20,96,1,1,2,1,1,運気,2,腹減り,-2,,,,,,,ゲネポスの大上皮,2,ゲネポスの大尖牙,2,上質な鳥竜骨,6,ゲネポスの皮,10
ゲネポスーツＳタイツ,0,2,4,0,4,99,0,10,48,1,1,3,1,1,運気,2,腹減り,-2,,,,,,,ゲネポスの大上皮,2,ゲネポスの大尖牙,2,上質な鳥竜骨,6,ゲネポスの皮,10
イーオスーツＳフット,0,1,4,0,5,99,0,20,96,2,1,1,1,1,運気,2,腹減り,-2,,,,,,,イーオスの大上皮,2,イーオスの上紫鱗,2,翼蛇竜の上皮,3,イーオスの皮,10
イーオスーツＳタイツ,0,2,4,0,5,99,0,10,48,3,1,1,1,1,運気,2,腹減り,-2,,,,,,,イーオスの大上皮,2,イーオスの上紫鱗,2,翼蛇竜の上皮,3,イーオスの皮,10
ガブラスーツＳフット,0,1,4,0,5,99,0,20,96,1,1,1,1,2,運気,2,腹減り,-2,,,,,,,翼蛇竜の上皮,3,縞模様の皮,5,獄炎石,2,上質な鳥竜骨,4
ガブラスーツＳタイツ,0,2,4,0,5,99,0,10,48,1,1,1,1,3,運気,2,腹減り,-2,,,,,,,翼蛇竜の上皮,3,縞模様の皮,5,獄炎石,2,上質な鳥竜骨,4
狩人の革臑当Ｓ,0,1,4,0,4,99,0,22,98,0,1,0,0,0,野草知識,6,,,,,,,,,上質な毛皮,3,ガウシカの角,5,ドラグライト鉱石,5,モンスターの濃汁,2
狩人の革長靴Ｓ,0,2,4,0,4,99,0,11,49,0,1,0,0,0,野草知識,6,,,,,,,,,上質な毛皮,3,ガウシカの角,5,ドラグライト鉱石,5,モンスターの濃汁,2
跳狗竜の革臑当Ｓ,0,1,4,2,4,99,0,22,98,0,0,1,0,0,減気攻撃,4,,,,,,,,,マッカォの上鱗,4,マッカォの皮,10,跳狗竜の赤皮,5,上質な鳥竜骨,4
跳狗竜の革長靴Ｓ,0,2,4,2,4,99,0,11,49,0,0,1,0,0,減気攻撃,4,,,,,,,,,マッカォの上鱗,4,マッカォの皮,10,跳狗竜の赤皮,5,上質な鳥竜骨,4
狗竜の革臑当Ｓ,0,1,4,2,4,99,0,22,98,0,0,0,1,0,達人,4,,,,,,,,,ジャギィの上鱗,4,ジャギィの皮,10,イーオスの紫鱗,5,上質な鳥竜骨,4
狗竜の革長靴Ｓ,0,2,4,2,4,99,0,11,49,0,0,0,1,0,達人,4,,,,,,,,,ジャギィの上鱗,4,ジャギィの皮,10,イーオスの紫鱗,5,上質な鳥竜骨,4
モスＳフット,0,0,4,0,4,99,0,19,57,0,0,0,0,0,茸食,4,,,,,,,,,ファンゴの上毛皮,4,モスの苔皮,2,上質な毛皮,3,キラビートル,5
リノプロＳグリーヴ,0,1,4,0,4,99,0,32,108,2,0,0,-2,0,砲術,3,水属性攻撃,2,,,,,,,草食竜の堅殻,3,竜骨【小】,6,カブレライト鉱石,2,,
リノプロＳレギンス,0,2,4,0,4,99,0,16,54,3,0,0,-2,0,砲術,2,水属性攻撃,2,,,,,,,草食竜の堅殻,3,竜骨【小】,6,カブレライト鉱石,2,,
ジャギィＳグリーヴ,0,1,4,1,4,99,0,28,104,-2,0,0,0,0,火属性攻撃,3,,,,,,,,,ジャギィの上鱗,4,上質な鳥竜骨,4,イーオスの上鱗,2,ドラグライト鉱石,4
ジャギィＳレギンス,0,2,4,1,4,99,0,14,52,-2,0,0,0,0,火属性攻撃,3,,,,,,,,,ジャギィの上鱗,4,上質な鳥竜骨,4,イーオスの上鱗,2,ドラグライト鉱石,4
ドロスＳグリーヴ,0,1,4,1,4,99,0,28,104,-2,4,-1,0,0,節食,3,体術,2,,,,,,,水生獣の上皮,4,水生獣の皮,6,上質な毛皮,3,水獣の鱗,4
ドロスＳレギンス,0,2,4,1,4,99,0,14,52,-2,5,-1,0,0,節食,3,体術,2,,,,,,,水生獣の上皮,4,水生獣の皮,6,上質な毛皮,3,水獣の鱗,4
マッカォＳグリーヴ,0,1,4,1,4,99,0,30,106,-2,0,0,0,0,跳躍,3,KO,1,,,,,,,跳狗竜の上鱗,3,跳狗竜の上赤皮,3,首鳴竜の皮,8,カブレライト鉱石,3
マッカォＳレギンス,0,2,4,1,4,99,0,15,53,-2,1,1,1,1,跳躍,2,KO,1,,,,,,,跳狗竜の上鱗,3,跳狗竜の上赤皮,3,首鳴竜の皮,8,カブレライト鉱石,3
ランポスＳグリーヴ,0,1,4,2,4,99,0,30,106,0,0,0,-2,0,気絶,3,麻痺,-1,,,,,,,ランポスの上鱗,3,ランポスの上皮,3,上質な鳥竜骨,4,マカライト鉱石,4
ランポスＳレギンス,0,2,4,2,4,99,0,15,53,0,1,1,-2,0,気絶,2,麻痺,-1,,,,,,,ランポスの上鱗,3,ランポスの上皮,3,上質な鳥竜骨,4,マカライト鉱石,4
ギアノスＳグリーヴ,0,1,4,3,4,99,0,30,106,0,0,-1,2,0,,,,,,,,,,,ギアノスの上鱗,3,ギアノスの上皮,5,黒蝕竜の甲殻,1,王族カナブン,3
ギアノスＳレギンス,0,2,4,3,4,99,0,15,53,0,0,-1,3,0,,,,,,,,,,,ギアノスの上鱗,3,ギアノスの上皮,5,黒蝕竜の甲殻,1,王族カナブン,3
ゲネポスＳグリーヴ,0,1,4,0,4,99,0,32,108,0,0,1,-2,0,雷属性攻撃,5,,,,,,,,,ゲネポスの大上皮,2,ゲネポスの上鱗,4,ドラグライト鉱石,5,上質な鳥竜骨,4
ゲネポスＳレギンス,0,2,4,0,4,99,0,16,54,1,0,2,-2,0,雷属性攻撃,5,,,,,,,,,ゲネポスの大上皮,2,ゲネポスの上鱗,4,ドラグライト鉱石,5,上質な鳥竜骨,4
EXゲネポスグリーヴ,0,1,4,1,5,99,0,36,112,0,0,1,-2,0,攻撃,2,特殊攻撃,2,属性攻撃,-2,,,,,虹色鉱石,1,ゲネポスの大上皮,4,ゲネポスの上鱗,5,マレコガネ,3
EXゲネポスレギンス,0,2,4,1,5,99,0,18,56,1,0,2,-2,0,攻撃,2,特殊攻撃,2,属性攻撃,-2,,,,,虹色鉱石,1,ゲネポスの大上皮,4,ゲネポスの上鱗,5,マレコガネ,3
イーオスＳグリーヴ,0,1,4,0,4,99,0,34,110,2,-1,-1,0,0,毒,5,気絶,-4,,,,,,,イーオスの上皮,2,イーオスの上鱗,4,上質な鳥竜骨,4,上竜骨,3
イーオスＳレギンス,0,2,4,0,4,99,0,17,55,3,-1,-1,0,0,毒,5,気絶,-4,,,,,,,イーオスの上皮,2,イーオスの上鱗,4,上質な鳥竜骨,4,上竜骨,3
EXイーオスグリーヴ,0,1,4,1,5,99,0,38,114,2,-1,-1,0,0,根性,2,火耐性,3,調合成功率,-2,,,,,虹色鉱石,1,イーオスの大上皮,4,イーオスの上鱗,5,ゴム質の上皮,2
EXイーオスレギンス,0,2,4,1,5,99,0,19,57,3,-1,-1,0,0,根性,2,火耐性,3,調合成功率,-2,,,,,虹色鉱石,1,イーオスの大上皮,4,イーオスの上鱗,5,ゴム質の上皮,2
ランゴＳグリーヴ,0,1,4,2,4,99,0,32,108,-2,1,1,1,2,特殊攻撃,3,属性攻撃,-2,,,,,,,ランゴスタの堅殻,3,ランゴスタの薄羽,2,ランゴスタの羽,4,モンスターの体液,5
ランゴＳレギンス,0,2,4,2,4,99,0,16,54,-2,2,2,2,3,特殊攻撃,2,属性攻撃,-2,,,,,,,ランゴスタの堅殻,3,ランゴスタの薄羽,2,ランゴスタの羽,4,モンスターの体液,5
EXランゴグリーヴ,0,1,4,0,5,99,0,36,112,-2,1,1,1,2,回避距離,2,剣術,2,体力,-2,,,,,虹色鉱石,1,ランゴスタの薄羽,3,ランゴスタの堅殻,5,マレコガネ,4
EXランゴレギンス,0,2,4,0,5,99,0,18,56,-2,2,2,2,3,回避距離,2,散弾強化,2,体力,-2,,,,,虹色鉱石,1,ランゴスタの薄羽,3,ランゴスタの堅殻,5,マレコガネ,4
タロスＳグリーヴ,0,1,4,1,4,99,0,36,112,-1,-1,-1,-1,4,龍属性攻撃,4,龍耐性,3,,,,,,,カンタロスの薄羽,2,カンタロスの堅殻,3,カンタロスの羽,6,モンスターの体液,5
タロスＳレギンス,0,2,4,1,4,99,0,18,56,-1,-1,-1,-1,6,龍属性攻撃,3,龍耐性,3,,,,,,,カンタロスの薄羽,2,カンタロスの堅殻,3,カンタロスの羽,6,モンスターの体液,5
EXタロスグリーヴ,0,1,4,1,5,99,0,40,116,-1,-1,-1,-1,4,ガード性能,2,龍属性攻撃,2,体術,-2,,,,,虹色鉱石,1,カンタロスの薄羽,3,カンタロスの堅殻,5,マレコガネ,4
EXタロスレギンス,0,2,4,1,5,99,0,20,58,-1,-1,-1,-1,6,精密射撃,2,龍属性攻撃,2,体術,-2,,,,,虹色鉱石,1,カンタロスの薄羽,3,カンタロスの堅殻,5,マレコガネ,4
タロスＲグリーヴ,0,1,4,1,6,99,0,32,108,-1,-1,-1,-1,4,龍属性攻撃,6,龍耐性,1,,,,,,,獰猛な爪,1,カンタロスの堅殻,7,モンスターの濃汁,3,獰猛化素材(上位pts),8
タロスＲレギンス,0,2,4,1,6,99,0,16,54,-1,-1,-1,-1,6,龍属性攻撃,6,龍耐性,1,,,,,,,獰猛な爪,1,カンタロスの堅殻,7,モンスターの濃汁,3,獰猛化素材(上位pts),8
ブナハＳブーツ,0,1,4,0,4,99,0,32,108,-2,0,0,0,2,斬れ味,5,火耐性,-2,,,,,,,飛甲虫の堅殻,2,飛甲虫の羽,4,上質な腹袋,1,モンスターの体液,3
ブナハＳフット,0,2,4,0,4,99,0,16,54,-2,1,1,1,3,弾薬節約,5,火耐性,-2,,,,,,,飛甲虫の堅殻,2,飛甲虫の羽,4,上質な腹袋,1,モンスターの体液,3
ファンゴＳグリーヴ,0,1,4,1,4,99,0,36,112,0,2,-2,1,0,攻撃,4,,,,,,,,,大猪の硬い皮,4,大猪の大牙,3,獣骨,8,巨獣の毛,5
ファンゴＳレギンス,0,2,4,1,4,99,0,18,56,0,3,-2,1,0,攻撃,4,,,,,,,,,大猪の硬い皮,4,大猪の大牙,3,獣骨,8,巨獣の毛,5
アシラＳグリーヴ,0,1,4,0,4,99,0,38,114,-2,0,-2,0,0,防御,5,体術,2,攻撃,-5,,,,,青熊獣の堅腕甲,2,青熊獣の剛毛,4,飛甲虫の甲殻,3,王族カナブン,2
アシラＳレギンス,0,2,4,0,4,99,0,19,57,-2,0,-2,0,0,防御,5,体術,2,攻撃,-5,,,,,青熊獣の堅腕甲,2,青熊獣の剛毛,4,飛甲虫の甲殻,3,王族カナブン,2
ガレオスＳグリーヴ,0,1,4,2,4,99,0,42,118,2,0,0,-3,0,耐暑,1,水属性攻撃,3,火耐性,1,,,,,砂竜の上鱗,4,砂竜の上ヒレ,2,ノヴァクリスタル,2,硬化薬グレート,2
ガレオスＳレギンス,0,2,4,2,4,99,0,21,59,2,0,0,-3,0,耐暑,1,水属性攻撃,2,火耐性,1,,,,,砂竜の上鱗,4,砂竜の上ヒレ,2,ノヴァクリスタル,2,硬化薬グレート,2
EXガレオスグリーヴ,0,1,4,0,5,99,0,46,122,2,0,0,-3,0,耐震,2,水属性攻撃,3,睡眠,2,,,,,虹色鉱石,1,砂竜の上鱗,4,古代魚,1,鬼人薬グレート,2
EXガレオスレギンス,0,2,4,0,5,99,0,23,61,2,0,0,-3,0,耐震,2,水属性攻撃,3,睡眠,1,,,,,虹色鉱石,1,砂竜の上鱗,4,古代魚,1,鬼人薬グレート,2
クックＳグリーヴ,0,1,4,2,4,99,0,44,120,3,-1,0,-3,0,攻撃,2,防御,-2,,,,,,,怪鳥の地獄耳,1,怪鳥の堅殻,2,怪鳥の翼膜,2,マッカォの上鱗,4
クックＳレギンス,0,2,4,2,4,99,0,22,60,4,-1,0,-3,0,攻撃,2,防御,-2,,,,,,,怪鳥の地獄耳,1,怪鳥の堅殻,2,怪鳥の翼膜,2,マッカォの上鱗,4
ケチャグリーヴ,0,1,4,1,4,99,0,44,120,-2,2,-1,0,1,体術,4,スタミナ,-3,,,,,,,奇猿狐の堅長骨,2,奇猿狐の剛毛,2,奇猿狐の尻尾,1,ドスヘラクレス,3
ケチャレギンス,0,2,4,1,4,99,0,22,60,-2,3,-1,0,1,体術,4,スタミナ,-3,,,,,,,奇猿狐の堅長骨,2,奇猿狐の剛毛,2,奇猿狐の尻尾,1,ドスヘラクレス,3
ウルクＳグリーヴ,0,1,4,1,4,99,0,40,116,-3,1,0,3,0,回避性能,4,体力,-3,,,,,,,白兎獣の剛毛,3,白兎獣の堅腹甲,3,白兎獣の凍爪,1,上質な毛皮,4
ウルクＳレギンス,0,2,4,1,4,99,0,20,58,-3,1,0,4,0,回避性能,4,体力,-3,,,,,,,白兎獣の剛毛,3,白兎獣の堅腹甲,3,白兎獣の凍爪,1,上質な毛皮,4
ゲリョスＳグリーヴ,0,1,4,1,4,99,0,46,122,-3,1,4,-1,0,スタミナ,4,腹減り,-3,,,,,,,ゴム質の上皮,4,毒怪鳥の翼,2,モンスターの濃汁,3,ゲネポスの上皮,5
ゲリョスＳレギンス,0,2,4,1,4,99,0,23,61,-3,1,5,-1,0,スタミナ,4,腹減り,-3,,,,,,,ゴム質の上皮,4,毒怪鳥の翼,2,モンスターの濃汁,3,ゲネポスの上皮,5
ゲリョスＲグリーヴ,0,1,4,0,6,99,0,42,118,-3,1,4,-1,0,スタミナ,6,腹減り,-5,,,,,,,獰猛化毒怪鳥皮,1,ゴム質の上皮,5,獰猛な毒液,1,毒怪鳥素材(pts),8
ゲリョスＲレギンス,0,2,4,0,6,99,0,21,59,-3,1,5,-1,0,スタミナ,6,腹減り,-5,,,,,,,獰猛化毒怪鳥皮,1,ゴム質の上皮,5,獰猛な毒液,1,毒怪鳥素材(pts),8
カブラＳグリーヴ,0,1,4,1,4,99,0,46,122,2,-3,-1,0,1,抜刀減気,1,耐震,4,睡眠,-3,,,,,鬼蛙の尖爪,2,鬼蛙の堅殻,3,鬼蛙の上鱗,3,堅牢な骨,2
カブラＳレギンス,0,2,4,1,4,99,0,23,61,3,-3,-1,0,1,射法,1,耐震,3,睡眠,-3,,,,,鬼蛙の尖爪,2,鬼蛙の堅殻,3,鬼蛙の上鱗,3,堅牢な骨,2
ザザミＳグリーヴ,0,1,4,3,4,99,0,48,124,-1,3,-3,0,1,ガード性能,1,体術,-1,,,,,,,盾蟹の尖爪,2,盾蟹の堅殻,1,大猪の硬い皮,2,ドラグライト鉱石,4
ザザミＳレギンス,0,2,4,3,4,99,0,24,62,-1,4,-3,0,1,反動,1,装填速度,-1,,,,,,,盾蟹の尖爪,2,盾蟹の堅殻,1,大猪の硬い皮,2,ドラグライト鉱石,4
EXザザミグリーヴ,0,1,4,0,7,99,0,52,128,-1,3,-3,0,1,胴系統倍加,0,,,,,,,,,七色たんぽぽ,1,盾蟹の堅殻,4,大猪の硬い皮,2,ドスヘラクレス,2
EXザザミレギンス,0,2,4,0,7,99,0,26,64,-1,4,-3,0,1,胴系統倍加,0,,,,,,,,,七色たんぽぽ,1,盾蟹の堅殻,4,大猪の硬い皮,2,ドスヘラクレス,2
ザザミＲグリーヴ,0,1,4,0,8,6,0,44,120,-1,3,-3,0,1,ガード性能,6,体術,-5,,,,,,,獰猛化盾蟹殻,1,盾蟹の尖爪,4,獰猛な竜骨,1,盾蟹素材(pts),8
ザザミＲレギンス,0,2,4,0,8,6,0,22,60,-1,4,-3,0,1,反動,6,装填速度,-5,,,,,,,獰猛化盾蟹殻,1,盾蟹の尖爪,4,獰猛な竜骨,1,盾蟹素材(pts),8
ラングロＳグリーヴ,0,1,4,1,5,99,0,46,122,2,-3,0,-1,1,溜め短縮,3,気力回復,-2,,,,,,,赤甲獣の尖爪,3,赤甲獣の堅殻,3,赤甲獣の蛇腹甲,1,ユニオン鉱石,2
ラングロＳレギンス,0,2,4,1,5,99,0,23,61,3,-3,0,-1,1,溜め短縮,3,気力回復,-2,,,,,,,赤甲獣の尖爪,3,赤甲獣の堅殻,3,赤甲獣の蛇腹甲,1,ユニオン鉱石,2
コンガグリーヴ,0,1,4,1,5,7,0,32,108,-3,1,1,-1,0,攻撃,4,食いしん坊,2,腹減り,-2,,,,,桃毛獣の剛毛,3,大猪の硬い皮,2,堅牢な骨,2,ドラグライト鉱石,4
コンガレギンス,0,2,4,0,5,7,0,16,54,-2,1,1,-1,0,攻撃,3,食いしん坊,2,腹減り,-2,,,,,桃毛獣の剛毛,3,大猪の硬い皮,2,堅牢な骨,2,ドラグライト鉱石,4
ルドロスＳグリーヴ,0,1,4,0,4,99,0,46,122,-3,4,-1,0,0,気力回復,1,スタミナ,3,回避性能,-1,,,,,水獣の鋭爪,2,水獣の上鱗,3,海綿質の上皮,3,キラビートル,5
ルドロスＳレギンス,0,2,4,0,4,99,0,23,61,-3,5,-1,0,0,気力回復,1,スタミナ,3,回避性能,-1,,,,,水獣の鋭爪,2,水獣の上鱗,3,海綿質の上皮,3,キラビートル,5
ルドロスＲグリーヴ,0,1,4,0,6,99,0,42,118,-3,4,-1,0,0,スタミナ,5,腹減り,-5,,,,,,,獰猛化水獣鱗,1,海綿質の上皮,4,水生獣の上皮,8,水獣素材(pts),8
ルドロスＲレギンス,0,2,4,0,6,99,0,21,59,-3,5,-1,0,0,スタミナ,5,腹減り,-5,,,,,,,獰猛化水獣鱗,1,海綿質の上皮,4,水生獣の上皮,8,水獣素材(pts),8
ボロスグリーヴ,0,1,4,1,5,7,0,34,110,0,0,1,-2,0,攻撃,3,ガード性能,2,防御,1,,,,,土砂竜の堅殻,3,土砂竜の尻尾,1,尖竜骨,3,ジャギィの上鱗,4
ボロスレギンス,0,2,4,1,5,7,0,17,55,0,0,1,-2,0,攻撃,3,変則射撃,2,防御,1,,,,,土砂竜の堅殻,3,土砂竜の尻尾,1,尖竜骨,3,ジャギィの上鱗,4
エコールブーツ,2,1,4,1,4,99,0,44,120,0,0,0,0,0,千里眼,4,食事,-2,,,,,,,ベルナチケット,1,上質な毛皮,2,絞蛇竜の皮,4,奇猿狐の剛毛,3
エコールフット,2,2,4,1,4,99,0,22,60,0,0,0,0,0,千里眼,4,食事,-2,,,,,,,ベルナチケット,1,上質な毛皮,2,絞蛇竜の皮,4,奇猿狐の剛毛,3
アロイＳグリーヴ,0,1,5,2,5,99,0,40,116,-1,0,-1,-1,0,研ぎ師,1,達人,1,,,,,,,ユニオン鉱石,2,カブレライト鉱石,3,紅蓮石,3,ベアライト石,5
アロイＳレギンス,0,2,5,2,5,99,0,20,58,-1,0,-1,-1,0,装填速度,1,達人,1,,,,,,,ユニオン鉱石,2,カブレライト鉱石,3,紅蓮石,3,ベアライト石,5
アロイＲグリーヴ,0,1,5,0,6,99,0,36,112,-1,0,-1,-1,0,研ぎ師,6,匠,-3,,,,,,,獰猛化狩猟の証�T,1,ユニオン鉱石,5,鎌蟹の堅脚,5,獰猛化素材(上位pts),5
アロイＲレギンス,0,2,5,0,6,99,0,18,56,-1,0,-1,-1,0,装填速度,6,反動,-3,,,,,,,獰猛化狩猟の証�T,1,ユニオン鉱石,5,鎌蟹の堅脚,5,獰猛化素材(上位pts),5
バトルＳグリーヴ,0,1,5,1,5,99,0,44,120,1,-1,-1,0,0,ガード性能,3,盗み無効,1,,,,,,,マレコガネ,3,翼蛇竜の上皮,3,ゲネポスの上鱗,5,ドラグライト鉱石,3
バトルＳレギンス,0,2,5,1,5,99,0,22,60,2,-1,-1,0,0,反動,3,盗み無効,1,,,,,,,マレコガネ,3,翼蛇竜の上皮,3,ゲネポスの上鱗,5,ドラグライト鉱石,3
インゴットＳグリーヴ,0,1,5,0,5,99,0,48,124,-1,-1,1,0,0,風圧,7,運気,-3,,,,,,,獄炎石,2,ユニオン鉱石,2,ドラグライト鉱石,3,鉄鉱石,30
インゴットＳレギンス,0,2,5,0,5,99,0,24,62,-1,-1,2,0,0,風圧,7,運気,-3,,,,,,,獄炎石,2,ユニオン鉱石,2,ドラグライト鉱石,3,鉄鉱石,30
インゴットＲグリーヴ,0,1,5,0,6,99,0,44,120,-1,-1,1,0,0,氷属性攻撃,7,,,,,,,,,獰猛な炎鱗,1,獄炎石,4,絞蛇竜の堅殻,5,獰猛化素材(上位pts),5
インゴットＲレギンス,0,2,5,0,6,99,0,22,60,-1,-1,2,0,0,氷属性攻撃,7,,,,,,,,,獰猛な炎鱗,1,獄炎石,4,絞蛇竜の堅殻,5,獰猛化素材(上位pts),5
ハイメタＳグリーヴ,0,1,5,1,5,99,0,46,122,0,-1,2,-1,0,聴覚保護,1,雷耐性,5,,,,,,,ユニオン鉱石,5,ライトクリスタル,1,ドラグライト鉱石,10,ランポスの上皮,4
ハイメタＳレギンス,0,2,5,1,5,99,0,23,61,0,-1,3,-1,0,聴覚保護,1,雷耐性,5,,,,,,,ユニオン鉱石,5,ライトクリスタル,1,ドラグライト鉱石,10,ランポスの上皮,4
ハイメタＵグリーヴ,0,1,5,0,5,99,0,42,118,0,-1,2,-1,0,聴覚保護,4,加護,-2,,,,,,,爆鎚竜の上鱗,3,カブレライト鉱石,2,ドラグライト鉱石,5,イーオスの大上皮,6
ハイメタＵレギンス,0,2,5,0,5,99,0,21,59,0,-1,3,-1,0,聴覚保護,3,加護,-2,,,,,,,爆鎚竜の上鱗,3,カブレライト鉱石,2,ドラグライト鉱石,5,イーオスの大上皮,6
ピンクメタルブーツ,2,1,5,1,5,99,0,48,124,5,-1,-1,-1,0,龍属性攻撃,7,,,,,,,,,ユニオン鉱石,3,カブレライト鉱石,8,王族カナブン,2,,
ピンクメタルフット,2,2,5,1,5,99,0,24,62,6,-1,-1,-1,0,龍属性攻撃,7,,,,,,,,,ユニオン鉱石,3,カブレライト鉱石,8,王族カナブン,2,,
Ｋ・ロブスタグリーヴ,0,1,5,1,5,99,0,48,124,-1,4,-1,-1,-1,節食,2,泡沫,2,雷耐性,-3,,,,,エビの大殻,1,エビの小殻,3,砂竜の上ヒレ,2,溶岩竜の堅殻,4
Ｋ・ロブスタレギンス,0,2,5,1,5,99,0,24,62,-1,5,-1,-1,-1,節食,2,泡沫,2,雷耐性,-3,,,,,エビの大殻,1,エビの小殻,3,砂竜の上ヒレ,2,溶岩竜の堅殻,4
オウビートＳガンバ,1,1,5,0,5,99,0,50,126,2,-2,2,-2,3,攻撃,3,体術,4,スタミナ,-2,,,,,マレコガネ,3,オオツノアゲハ,2,モンスターの濃汁,4,大水袋,3
オウビートＳフェムル,1,2,5,0,5,99,0,25,63,3,-2,2,-2,4,攻撃,3,体術,3,スタミナ,-2,,,,,マレコガネ,3,オオツノアゲハ,2,モンスターの濃汁,4,大水袋,3
パピメルＳガンバ,2,1,5,0,5,99,0,50,126,2,-2,2,-2,3,攻撃,3,体術,4,スタミナ,-2,,,,,マレコガネ,3,オオツノアゲハ,2,モンスターの濃汁,4,大水袋,3
パピメルＳフェムル,2,2,5,0,5,99,0,25,63,3,-2,2,-2,4,攻撃,3,体術,3,スタミナ,-2,,,,,マレコガネ,3,オオツノアゲハ,2,モンスターの濃汁,4,大水袋,3
デスギアＳフェルゼ,0,1,5,0,5,99,0,48,124,2,1,1,-1,0,龍属性攻撃,5,,,,,,,,,禍々しい闇布,1,禍々しい布,2,迅竜の鋭牙,4,古龍骨,3
デスギアＳヴィレ,0,2,5,0,5,99,0,24,62,3,1,1,-1,0,龍属性攻撃,5,,,,,,,,,禍々しい闇布,1,禍々しい布,2,迅竜の鋭牙,4,古龍骨,3
デスギアＲフェルゼ,0,1,5,1,7,99,0,44,120,2,1,1,-1,0,狂撃耐性,5,回避性能,-3,,,,,,,獰猛な鋭牙,1,禍々しい闇布,1,海竜の鋭爪,4,獰猛化素材(上位pts),8
デスギアＲヴィレ,0,2,5,1,7,99,0,22,60,3,1,1,-1,0,狂撃耐性,4,回避性能,-3,,,,,,,獰猛な鋭牙,1,禍々しい闇布,1,海竜の鋭爪,4,獰猛化素材(上位pts),8
ヴァイクＳグリーヴ,0,1,5,1,5,99,0,46,122,0,3,-2,-1,0,水属性攻撃,5,,,,,,,,,ユニオン鉱石,2,ヨロイシダイ,2,化け鮫の上ヒレ,3,キレアジ,20
ヴァイクＳレギンス,0,2,5,1,5,99,0,23,61,0,4,-2,-1,0,水属性攻撃,5,,,,,,,,,ユニオン鉱石,2,ヨロイシダイ,2,化け鮫の上ヒレ,3,キレアジ,20
ロワーガＳガンバ,1,1,5,1,5,99,0,48,124,-2,0,3,-2,2,達人,1,会心強化,3,攻撃,-2,,,,,マレコガネ,3,オオクワアゲハ,2,カンタロスの堅殻,5,ツチハチノコ,10
ロワーガＳフェムル,1,2,5,1,5,99,0,24,62,-2,0,3,-2,3,達人,1,会心強化,3,攻撃,-2,,,,,マレコガネ,3,オオクワアゲハ,2,カンタロスの堅殻,5,ツチハチノコ,10
ファルメルＳガンバ,2,1,5,1,5,99,0,48,124,-2,0,3,-2,2,達人,1,会心強化,3,攻撃,-2,,,,,マレコガネ,3,オオクワアゲハ,2,カンタロスの堅殻,5,ツチハチノコ,10
ファルメルＳフェムル,2,2,5,1,5,99,0,24,62,-2,0,3,-2,3,達人,1,会心強化,3,攻撃,-2,,,,,マレコガネ,3,オオクワアゲハ,2,カンタロスの堅殻,5,ツチハチノコ,10
パティシエブーツ,0,1,5,0,5,99,0,44,120,2,0,0,2,-2,効果持続,2,炎熱適応,2,腹減り,-2,,,,,マレコガネ,2,ビストロチケット,2,雪獅子の剛毛,2,高級お食事券,1
パティシエフット,0,2,5,0,5,99,0,22,60,4,0,0,2,-2,効果持続,2,炎熱適応,2,腹減り,-2,,,,,マレコガネ,2,ビストロチケット,2,雪獅子の剛毛,2,高級お食事券,1
スカルダＳガンバ,1,1,5,2,5,99,0,48,124,3,-1,-1,-1,3,特殊会心,2,本気,1,攻撃,-1,,,,,オオ毒クモリ,1,毒クモリ,2,徹甲虫の薄羽,2,強力麻痺袋,4
スカルダＳフェムル,1,2,5,2,5,99,0,24,62,4,-1,-1,-1,3,特殊会心,2,本気,1,攻撃,-1,,,,,オオ毒クモリ,1,毒クモリ,2,徹甲虫の薄羽,2,強力麻痺袋,4
スパイオＳガンバ,2,1,5,2,5,99,0,48,124,3,-1,-1,-1,3,特殊会心,2,本気,1,攻撃,-1,,,,,オオ毒クモリ,1,毒クモリ,2,徹甲虫の薄羽,2,強力麻痺袋,4
スパイオＳフェムル,2,2,5,2,5,99,0,24,62,4,-1,-1,-1,3,特殊会心,2,本気,1,攻撃,-1,,,,,オオ毒クモリ,1,毒クモリ,2,徹甲虫の薄羽,2,強力麻痺袋,4
バサルグリーヴ,0,1,5,1,5,8,0,42,118,0,-2,1,1,-3,重撃,3,防御,3,,,,,,,岩竜の堅殻,2,ドラグライト鉱石,5,カブレライト鉱石,3,ゲネポスの上皮,3
バサルレギンス,0,2,5,1,5,8,0,21,59,0,-2,1,1,-2,重撃,3,防御,3,,,,,,,岩竜の堅殻,2,ドラグライト鉱石,5,カブレライト鉱石,3,ゲネポスの上皮,3
ホロロＳグリーヴ,0,1,5,2,5,99,0,44,120,-2,-2,1,1,0,痛撃,2,観察眼,2,,,,,,,夜鳥の上羽鱗,2,夜鳥の鋭翼爪,2,カブレライト鉱石,2,垂皮竜の上皮,3
ホロロＳレギンス,0,2,5,2,5,99,0,22,60,-1,-2,1,1,0,痛撃,1,観察眼,2,,,,,,,夜鳥の上羽鱗,2,夜鳥の鋭翼爪,2,カブレライト鉱石,2,垂皮竜の上皮,3
ザボアグリーヴ,0,1,5,1,5,99,0,46,122,-2,3,-4,4,0,ガード性能,1,寒冷適応,2,火耐性,-2,,,,,化け鮫の上鱗,2,化け鮫の上皮,4,化け鮫の上ヒレ,2,凍結袋,3
ザボアレギンス,0,2,5,1,5,99,0,23,61,-2,3,-4,5,0,反動,1,寒冷適応,2,火耐性,-2,,,,,化け鮫の上鱗,2,化け鮫の上皮,4,化け鮫の上ヒレ,2,凍結袋,3
フルフルＳグリーヴ,0,1,5,1,5,99,0,50,126,-4,1,4,2,1,回復速度,4,回復量,2,,,,,,,真珠色の柔皮,3,カブレライト鉱石,3,王族カナブン,4,生命の粉塵,3
フルフルＳレギンス,0,2,5,1,5,99,0,25,63,-4,1,5,2,1,回復速度,4,回復量,2,,,,,,,真珠色の柔皮,3,カブレライト鉱石,3,王族カナブン,4,生命の粉塵,3
フルフルＲグリーヴ,0,1,5,1,6,99,0,46,122,-4,1,4,2,1,回復速度,5,調合成功率,-2,,,,,,,獰猛化白柔皮,1,真珠色の柔皮,5,電撃袋,5,フルフル素材(pts),8
フルフルＲレギンス,0,2,5,1,6,99,0,23,61,-4,1,5,2,1,回復速度,5,調合成功率,-2,,,,,,,獰猛化白柔皮,1,真珠色の柔皮,5,電撃袋,5,フルフル素材(pts),8
スキュラグリーヴ,0,1,5,1,5,8,0,46,122,0,2,-2,1,2,特殊攻撃,3,体術,3,気絶,-2,,,,,影蜘蛛の堅殻,3,昏睡袋,4,ゴム質の上皮,2,盾虫の甲殻,4
スキュラレギンス,0,2,5,1,5,8,0,23,61,0,2,-2,1,3,特殊攻撃,3,体術,3,気絶,-2,,,,,影蜘蛛の堅殻,3,昏睡袋,4,ゴム質の上皮,2,盾虫の甲殻,4
レイアＳグリーヴ,0,1,5,1,5,99,0,50,126,3,0,-2,0,-3,回復量,3,体力,2,回復速度,-2,,,,,雌火竜の堅殻,4,雌火竜の上鱗,4,尖竜骨,3,ユニオン鉱石,4
レイアＳレギンス,0,2,5,1,5,99,0,25,63,4,0,-2,0,-3,回復量,3,体力,2,回復速度,-2,,,,,雌火竜の堅殻,4,雌火竜の上鱗,4,尖竜骨,3,ユニオン鉱石,4
EXレイアグリーヴ,0,1,5,2,8,6,0,54,130,3,0,-2,0,-3,回復量,3,気配,-2,,,,,,,EX火竜チケット,1,雌火竜の堅殻,5,雌火竜の翼膜,4,爆炎袋,2
EXレイアレギンス,0,2,5,2,8,6,0,27,65,4,0,-2,0,-3,回復量,3,気配,-2,,,,,,,EX火竜チケット,1,雌火竜の堅殻,5,雌火竜の翼膜,4,爆炎袋,2
レイアＲグリーヴ,0,1,5,1,6,99,0,46,122,3,0,-2,0,-3,回復量,4,,,,,,,,,獰猛化雌火竜鱗,1,雌火竜の堅殻,5,爆炎袋,5,雌火竜素材(pts),8
レイアＲレギンス,0,2,5,1,6,99,0,23,61,4,0,-2,0,-3,回復量,4,,,,,,,,,獰猛化雌火竜鱗,1,雌火竜の堅殻,5,爆炎袋,5,雌火竜素材(pts),8
ハプルＳグリーヴ,0,1,5,2,5,99,0,50,126,2,0,-1,-3,1,食事,2,抜刀減気,1,,,,,,,潜口竜の堅殻,4,潜口竜の尖爪,2,尖竜骨,3,イーオスの大上皮,4
ハプルＳレギンス,0,2,5,1,5,99,0,25,63,3,0,-1,-3,1,食事,2,装填速度,1,,,,,,,潜口竜の堅殻,4,潜口竜の尖爪,2,尖竜骨,3,イーオスの大上皮,4
ガノスグリーヴ,0,1,5,0,5,99,0,52,128,-2,4,-4,2,1,乗り,2,跳躍,4,捕獲,2,,,,,水竜の上ヒレ,2,水竜の上鱗,3,砂竜の上鱗,3,ドラグライト鉱石,5
ガノスレギンス,0,2,5,0,5,99,0,26,64,-2,5,-4,2,1,乗り,2,跳躍,4,捕獲,2,,,,,水竜の上ヒレ,2,水竜の上鱗,3,砂竜の上鱗,3,ドラグライト鉱石,5
ブランゴＳグリーヴ,0,1,5,1,5,99,0,50,126,-4,1,0,4,0,氷属性攻撃,6,納刀,2,,,,,,,雪獅子の剛毛,3,ブランゴの剛毛,5,尖竜骨,2,上質な毛皮,2
ブランゴＳレギンス,0,2,5,1,5,99,0,25,63,-4,1,0,5,0,氷属性攻撃,6,納刀,2,,,,,,,雪獅子の剛毛,3,ブランゴの剛毛,5,尖竜骨,2,上質な毛皮,2
EXブランゴグリーヴ,0,1,5,1,7,99,0,54,130,-4,1,0,4,0,溜め短縮,4,,,,,,,,,七色たんぽぽ,1,雪獅子の剛毛,3,ブランゴの剛毛,5,ゲネポスの大上皮,3
EXブランゴレギンス,0,2,5,1,7,99,0,27,65,-4,1,0,5,0,溜め短縮,4,,,,,,,,,七色たんぽぽ,1,雪獅子の剛毛,3,ブランゴの剛毛,5,ゲネポスの大上皮,3
ラヴァグリーヴ,0,1,5,2,5,99,0,56,132,4,-4,0,0,1,根性,2,,,,,,,,,溶岩竜の堅殻,3,溶岩竜の上ヒレ,1,溶岩竜の上鱗,4,イーオスの大皮,4
ラヴァレギンス,0,2,5,2,5,99,0,28,66,5,-4,0,0,1,根性,2,,,,,,,,,溶岩竜の堅殻,3,溶岩竜の上ヒレ,1,溶岩竜の上鱗,4,イーオスの大皮,4
EXラヴァグリーヴ,0,1,5,2,8,99,0,60,136,4,-4,0,0,1,逆境,2,,,,,,,,,EX溶岩竜チケット,1,溶岩竜の上鱗,5,溶岩竜の堅殻,6,マカライト鉱石,10
EXラヴァレギンス,0,2,5,2,8,99,0,30,68,5,-4,0,0,1,逆境,2,,,,,,,,,EX溶岩竜チケット,1,溶岩竜の上鱗,5,溶岩竜の堅殻,6,マカライト鉱石,10
ギザミＳグリーヴ,0,1,5,1,5,99,0,48,124,1,2,-1,-1,0,斬れ味,1,達人,4,,,,,,,鎌蟹の堅脚,2,鎌蟹の堅殻,3,獄炎石,1,マレコガネ,2
ギザミＳレギンス,0,2,5,1,5,99,0,24,62,2,2,-1,-1,0,弾薬節約,1,達人,4,,,,,,,鎌蟹の堅脚,2,鎌蟹の堅殻,3,獄炎石,1,マレコガネ,2
EXギザミグリーヴ,0,1,5,1,7,99,0,52,128,1,2,-1,-1,0,匠,2,達人,3,雷耐性,-2,,,,,七色たんぽぽ,1,鎌蟹の堅殻,4,鎌蟹の堅脚,3,鎌蟹の脚,5
EXギザミレギンス,0,2,5,1,7,99,0,26,64,2,2,-1,-1,0,通常弾強化,2,達人,3,雷耐性,-2,,,,,七色たんぽぽ,1,鎌蟹の堅殻,4,鎌蟹の堅脚,3,鎌蟹の脚,5
ギザミＲグリーヴ,0,1,5,0,6,99,0,44,120,1,2,-1,-1,0,匠,3,達人,2,,,,,,,獰猛化鎌蟹殻,1,鎌蟹の堅脚,4,鎌蟹の小殻,15,鎌蟹素材(pts),8
ギザミＲレギンス,0,2,5,0,6,99,0,22,60,2,2,-1,-1,0,通常弾強化,3,達人,2,,,,,,,獰猛化鎌蟹殻,1,鎌蟹の堅脚,4,鎌蟹の小殻,15,鎌蟹素材(pts),8
ガララＳグリーヴ,0,1,5,1,5,99,0,56,132,1,-1,0,-3,1,捕獲,3,麻痺,3,,,,,,,絞蛇竜の上皮,3,絞蛇竜の堅殻,3,尖竜骨,3,垂皮竜の上皮,3
ガララＳレギンス,0,2,5,1,5,99,0,28,66,1,-1,1,-3,1,捕獲,3,麻痺,3,,,,,,,絞蛇竜の上皮,3,絞蛇竜の堅殻,3,尖竜骨,3,垂皮竜の上皮,3
ナルガＳグリーヴ,0,1,5,1,5,99,0,40,116,-2,1,-3,1,1,回避距離,4,回避性能,1,,,,,,,迅竜の鋭牙,5,迅竜の上鱗,5,尖竜骨,2,マレコガネ,3
ナルガＳレギンス,0,2,5,1,5,99,0,20,58,-2,1,-2,1,1,回避距離,4,回避性能,1,,,,,,,迅竜の鋭牙,5,迅竜の上鱗,5,尖竜骨,2,マレコガネ,3
ガルルガＳグリーヴ,0,1,5,1,5,99,0,56,132,2,-1,2,0,0,聴覚保護,3,採取,-3,,,,,,,黒狼鳥の上鱗,5,黒狼鳥の堅殻,3,黒狼鳥の翼,2,王族カナブン,2
ガルルガＳレギンス,0,2,5,1,5,99,0,28,66,3,-1,2,0,0,聴覚保護,3,採取,-3,,,,,,,黒狼鳥の上鱗,5,黒狼鳥の堅殻,3,黒狼鳥の翼,2,王族カナブン,2
ガンキンＳグリーヴ,0,1,5,1,5,99,0,64,140,3,-4,0,-1,-2,抜刀減気,3,防御,3,,,,,,,爆鎚竜の堅殻,5,爆鎚竜の上鱗,6,溶岩塊,6,赤甲獣の蛇腹甲,2
ガンキンＳレギンス,0,2,5,1,5,99,0,32,70,4,-4,0,-1,-2,散弾強化,3,防御,3,,,,,,,爆鎚竜の堅殻,5,爆鎚竜の上鱗,6,溶岩塊,6,赤甲獣の蛇腹甲,2
クロオビＳグリーヴ,0,1,5,0,5,99,0,50,126,3,3,3,3,3,胴系統倍加,0,,,,,,,,,タツジンチケット,1,ガノスコイン,2,マレコガネ,1,,
クロオビＳレギンス,0,2,5,0,5,99,0,25,63,3,3,3,3,4,胴系統倍加,0,,,,,,,,,タツジンチケット,1,ガノスコイン,2,マレコガネ,1,,
ガーディアンブーツ,1,1,5,1,5,6,0,50,126,0,0,0,0,0,ガード性能,3,気配,-2,,,,,,,ココットチケット,1,ノヴァクリスタル,2,海竜の鱗,3,雌火竜の堅殻,4
ガーディアンフット,1,2,5,1,5,6,0,25,63,0,0,0,0,0,ガード性能,3,気配,-2,,,,,,,ココットチケット,1,ノヴァクリスタル,2,海竜の鱗,3,雌火竜の堅殻,4
ガーディアンＵブーツ,1,1,5,1,5,6,0,54,130,0,0,0,0,0,ガード性能,3,砲術,2,気配,-2,,,,,ココットチケット,1,ノヴァクリスタル,2,火竜の鱗,3,雌火竜の堅殻,4
ガーディアンＵフット,1,2,5,1,5,6,0,27,65,0,0,0,0,0,ガード性能,3,反動,2,気配,-2,,,,,ココットチケット,1,ノヴァクリスタル,2,火竜の鱗,3,雌火竜の堅殻,4
スカラーソックス,2,1,5,1,5,99,0,48,124,0,0,0,0,0,回避性能,3,気配,-2,,,,,,,ユクモチケット,1,龍歴院チケット,1,爆鎚竜の上鱗,4,カブレライト鉱石,5
スカラーサンダル,2,2,5,1,5,99,0,24,62,0,0,0,0,0,回避性能,3,気配,-2,,,,,,,ユクモチケット,1,龍歴院チケット,1,爆鎚竜の上鱗,4,カブレライト鉱石,5
セイラーソックス,2,1,5,1,5,99,0,48,124,0,0,0,0,0,回避性能,3,気配,-2,,,,,,,ユクモチケット,1,龍歴院チケット,1,水竜の上鱗,4,砕竜の黒曜甲,5
セイラーサンダル,2,2,5,1,5,99,0,24,62,0,0,0,0,0,回避性能,3,気配,-2,,,,,,,ユクモチケット,1,龍歴院チケット,1,水竜の上鱗,4,砕竜の黒曜甲,5
高級ユアミサンダル,0,0,5,1,5,99,0,15,53,-2,-2,-2,-2,0,剥ぎ取り,3,泡沫,2,,,,,,,雪獅子の剛毛,2,足湯チケット,1,ブランゴの剛毛,2,希望の証,2
ホクシン【袴】,0,1,5,1,5,99,0,52,128,-2,4,-2,3,2,北辰納豆流,3,攻撃,-3,,,,,,,ココットチケット,1,交易チケット,1,海綿質の上皮,4,迅竜の黒毛,4
カイエン【袴】,0,2,5,1,5,99,0,26,64,-2,5,-2,3,2,北辰納豆流,3,攻撃,-3,,,,,,,ココットチケット,1,交易チケット,1,海綿質の上皮,4,迅竜の黒毛,4
ブレイブＳグリーヴ,0,1,6,0,7,6,0,48,120,0,0,0,0,0,火属性攻撃,4,闘魂,3,,,,,,,ベルナチケット,1,勇気の証Ｇ,1,上質な毛皮,2,上質な鳥竜骨,10
ブレイブＳレギンス,0,2,6,0,7,6,0,24,60,1,1,1,1,1,火属性攻撃,4,闘魂,2,,,,,,,ベルナチケット,1,勇気の証Ｇ,1,上質な毛皮,2,上質な鳥竜骨,10
ドーベルグリーヴ,0,1,6,1,6,99,0,54,126,-2,0,0,0,4,龍属性攻撃,4,属性耐性,3,,,,,,,堅竜骨,2,いにしえの龍骨,2,炎戈竜の鋭爪,3,大きな骨,8
ドーベルレギンス,0,2,6,1,6,99,0,27,63,-2,0,0,0,5,龍属性攻撃,3,属性耐性,3,,,,,,,堅竜骨,2,いにしえの龍骨,2,炎戈竜の鋭爪,3,大きな骨,8
ダマスクグリーヴ,0,1,6,2,8,99,0,60,132,-1,2,-3,1,-1,無心,1,抜刀会心,1,だるま,3,,,,,骸龍の喰砕牙,2,金火竜の堅殻,6,銀火竜の尻尾,1,骸椎骨,2
ダマスクレギンス,0,2,6,2,8,99,0,30,66,-1,2,-3,1,-1,無心,1,貫通弾強化,1,だるま,3,,,,,骸龍の喰砕牙,2,金火竜の堅殻,6,銀火竜の尻尾,1,骸椎骨,2
ダマスクＲグリーヴ,0,1,6,1,8,99,0,56,128,-1,2,-3,1,-1,無心,3,,,,,,,,,獰猛化狩猟の証�V,1,獰猛化砕竜殻,2,堅骸体殻,5,獰猛化素材(上位pts),8
ダマスクＲレギンス,0,2,6,1,8,99,0,28,64,-1,2,-3,1,-1,無心,3,,,,,,,,,獰猛化狩猟の証�V,1,獰猛化砕竜殻,2,堅骸体殻,5,獰猛化素材(上位pts),8
ダークメタルブーツ,0,1,6,0,6,99,0,56,128,0,-1,0,-1,5,特殊攻撃,5,,,,,,,,,電竜の上鱗,3,ユニオン鉱石,8,マレコガネ,2,,
ダークメタルフット,0,2,6,0,6,99,0,28,64,0,-1,0,-1,6,特殊攻撃,5,,,,,,,,,電竜の上鱗,3,ユニオン鉱石,8,マレコガネ,2,,
クロムメタルブーツ,0,1,6,0,7,99,0,56,128,-2,-2,-2,-2,4,属性攻撃,5,,,,,,,,,勇気の証Ｇ,1,堅竜骨,6,ノヴァクリスタル,1,,
クロムメタルフット,0,2,6,0,7,99,0,28,64,-2,-2,-2,-2,5,属性攻撃,5,,,,,,,,,勇気の証Ｇ,1,堅竜骨,6,ノヴァクリスタル,1,,
アーティアＳグリーヴ,0,1,6,0,6,99,0,60,132,1,-2,-2,2,3,雷属性攻撃,6,高速設置,2,,,,,,,太古の破片,1,さびた破片,2,カブレライト鉱石,6,ドラグライト鉱石,9
アーティアＳレギンス,0,2,6,0,6,99,0,30,66,3,-2,-2,2,3,雷属性攻撃,6,高速設置,2,,,,,,,太古の破片,1,さびた破片,2,カブレライト鉱石,6,ドラグライト鉱石,9
アーティアＲグリーヴ,0,1,6,0,7,99,0,56,128,1,-2,-2,2,3,雷属性攻撃,7,,,,,,,,,獰猛化狩猟の証�U,1,太古の破片,1,カブレライト鉱石,12,獰猛化素材(上位pts),8
アーティアＲレギンス,0,2,6,0,7,99,0,28,64,3,-2,-2,2,3,雷属性攻撃,7,,,,,,,,,獰猛化狩猟の証�U,1,太古の破片,1,カブレライト鉱石,12,獰猛化素材(上位pts),8
ベリオグリーヴ,0,1,6,0,6,9,0,52,124,-3,0,-1,3,0,跳躍,2,達人,4,スタミナ,-2,,,,,氷牙竜の上毛皮,3,氷牙竜の堅殻,3,氷牙竜の鋭爪,2,雪獅子の剛毛,2
ベリオレギンス,0,2,6,0,6,9,0,26,62,-3,0,-1,4,0,跳躍,2,達人,4,スタミナ,-2,,,,,氷牙竜の上毛皮,3,氷牙竜の堅殻,3,氷牙竜の鋭爪,2,雪獅子の剛毛,2
セルタスグリーヴ,0,1,6,0,6,99,0,60,132,-3,4,-2,-2,5,砲術,2,英雄の盾,3,,,,,,,重甲虫の鋭爪,2,重甲虫の堅胸殻,4,重甲虫の大顎,2,ドスヘラクレス,3
セルタスレギンス,0,2,6,0,6,99,0,30,66,-3,4,-2,-2,6,砲術,2,英雄の盾,3,,,,,,,重甲虫の鋭爪,2,重甲虫の堅胸殻,4,重甲虫の大顎,2,ドスヘラクレス,3
レウスＳグリーヴ,0,1,6,1,6,99,0,58,130,4,0,-2,0,-4,攻撃,4,,,,,,,,,火竜の堅殻,5,火竜の鱗,6,爆炎袋,3,紅蓮石,4
レウスＳレギンス,0,2,6,1,6,99,0,29,65,5,0,-2,0,-4,攻撃,4,,,,,,,,,火竜の堅殻,5,火竜の鱗,6,爆炎袋,3,紅蓮石,4
EXレウスグリーヴ,0,1,6,0,8,6,0,62,134,4,0,-2,0,-4,底力,4,加護,-3,,,,,,,EX火竜チケット,1,火竜の堅殻,5,火竜の翼膜,4,爆炎袋,2
EXレウスレギンス,0,2,6,0,8,6,0,31,67,5,0,-2,0,-4,底力,4,加護,-3,,,,,,,EX火竜チケット,1,火竜の堅殻,5,火竜の翼膜,4,爆炎袋,2
レウスＲグリーヴ,0,1,6,1,7,99,0,54,126,4,0,-2,0,-4,痛撃,3,攻撃,1,,,,,,,獰猛化火竜鱗,1,火竜の上鱗,5,獰猛な毒液,1,雄火竜素材(pts),8
レウスＲレギンス,0,2,6,1,7,99,0,27,63,5,0,-2,0,-4,痛撃,2,攻撃,1,,,,,,,獰猛化火竜鱗,1,火竜の上鱗,5,獰猛な毒液,1,雄火竜素材(pts),8
ラギアＳグリーヴ,0,1,6,0,6,99,0,58,130,-3,2,4,-1,-2,気力回復,2,ガード性能,3,属性攻撃,2,,,,,海竜の上鱗,5,海竜の上皮,4,海竜の鋭爪,3,王族カナブン,3
ラギアＳレギンス,0,2,6,0,6,99,0,29,65,-3,2,5,-1,-2,気力回復,2,貫通弾強化,3,属性攻撃,2,,,,,海竜の上鱗,5,海竜の上皮,4,海竜の鋭爪,3,王族カナブン,3
ラギアＲグリーヴ,0,1,6,0,7,99,0,54,126,-3,2,4,-1,-2,気力回復,5,ガード性能,2,,,,,,,獰猛化海竜皮,1,海竜の上鱗,5,海竜の高電殻,5,海竜素材(pts),8
ラギアＲレギンス,0,2,6,0,7,99,0,27,63,-3,2,5,-1,-2,気力回復,5,貫通弾強化,2,,,,,,,獰猛化海竜皮,1,海竜の上鱗,5,海竜の高電殻,5,海竜素材(pts),8
ジンオウＳグリーヴ,0,1,6,1,6,99,0,58,130,0,-1,4,-4,1,本気,5,属性会心,2,,,,,,,雷狼竜の堅殻,5,雷狼竜の尖爪,4,雷狼竜の高電殻,3,超電雷光虫,10
ジンオウＳレギンス,0,2,6,1,6,99,0,29,65,0,-1,5,-4,1,本気,5,,,,,,,,,雷狼竜の堅殻,5,雷狼竜の尖爪,4,雷狼竜の高電殻,3,超電雷光虫,10
EXジンオウグリーヴ,0,1,6,1,8,99,0,62,134,0,-1,4,-4,1,本気,3,連撃,2,気配,-1,,,,,EX雷狼竜チケット,1,雷狼竜の堅殻,5,雷狼竜の尻尾,2,キリンの雷尾,4
EXジンオウレギンス,0,2,6,1,8,99,0,31,67,0,-1,5,-4,1,本気,2,連撃,2,気配,-1,,,,,EX雷狼竜チケット,1,雷狼竜の堅殻,5,雷狼竜の尻尾,2,キリンの雷尾,4
グラビドグリーヴ,0,1,6,2,6,9,0,58,130,3,-3,1,0,-2,攻撃,1,ガード性能,2,,,,,,,鎧竜の堅殻,3,獄炎石,2,上竜骨,2,マレコガネ,3
グラビドレギンス,0,2,6,2,6,9,0,29,65,4,-3,1,0,-2,攻撃,1,反動,2,,,,,,,鎧竜の堅殻,3,獄炎石,2,上竜骨,2,マレコガネ,3
ミツネＳグリーヴ,0,1,6,1,6,99,0,50,122,0,2,-3,1,-1,泡沫,2,腹減り,3,窮地,1,,,,,泡狐竜の上鱗,4,泡狐竜の紫上毛,3,泡立つ上滑液,3,ドラグライト鉱石,6
ミツネＳレギンス,0,2,6,1,6,99,0,25,61,0,2,-2,1,-1,泡沫,2,腹減り,3,窮地,1,,,,,泡狐竜の上鱗,4,泡狐竜の紫上毛,3,泡立つ上滑液,3,ドラグライト鉱石,6
ゼクスＳグリーヴ,0,1,6,1,6,99,0,58,130,0,-2,3,-3,2,連撃,1,気絶,3,気力回復,2,,,,,電竜の堅棘殻,4,電竜の高電膜,2,電竜の鱗,6,カブレライト鉱石,5
ゼクスＳレギンス,0,2,6,1,6,99,0,29,65,0,-2,4,-3,2,連撃,1,気絶,3,気力回復,2,,,,,電竜の堅棘殻,4,電竜の高電膜,2,電竜の鱗,6,カブレライト鉱石,5
ガムートＳグリーヴ,0,1,6,0,6,99,0,66,138,-3,1,-1,3,2,寒冷適応,2,耐震,4,重撃,2,,,,,巨獣の堅牙,2,巨獣の剛毛,4,巨獣の甲殻,5,ファンゴの上毛皮,8
ガムートＳレギンス,0,2,6,0,6,99,0,33,69,-3,1,-1,4,2,寒冷適応,2,重撃弾強化,4,重撃,2,,,,,巨獣の堅牙,2,巨獣の剛毛,4,巨獣の甲殻,5,ファンゴの上毛皮,8
ディノＳグリーヴ,0,1,6,2,6,99,0,60,132,3,-3,1,0,-1,研磨術,1,匠,2,,,,,,,斬竜の堅殻,4,斬竜の焔状殻,2,獄炎石,2,跳狗竜の上赤皮,4
ディノＳレギンス,0,2,6,2,6,99,0,30,66,4,-3,1,0,-1,研磨術,1,射法,2,,,,,,,斬竜の堅殻,4,斬竜の焔状殻,2,獄炎石,2,跳狗竜の上赤皮,4
アグナグリーヴ,0,1,6,0,6,99,0,60,132,4,-4,0,-1,0,炎熱適応,2,ガード性能,4,,,,,,,赤熱した堅胸殻,4,炎戈竜の上皮,4,炎戈竜の鋭爪,2,イーオスの上紫鱗,3
アグナレギンス,0,2,6,0,6,99,0,30,66,6,-4,0,-1,0,炎熱適応,2,反動,4,,,,,,,赤熱した堅胸殻,4,炎戈竜の上皮,4,炎戈竜の鋭爪,2,イーオスの上紫鱗,3
ゴアＳグリーヴ,0,1,6,1,6,99,0,60,132,-2,2,-1,2,-2,回避性能,4,,,,,,,,,黒蝕竜の堅殻,5,黒蝕竜の上鱗,4,黒蝕竜の鋭惨爪,3,ノヴァクリスタル,1
ゴアＳレギンス,0,2,6,1,6,99,0,30,66,-2,3,-1,2,-2,回避性能,4,,,,,,,,,黒蝕竜の堅殻,5,黒蝕竜の上鱗,4,黒蝕竜の鋭惨爪,3,ノヴァクリスタル,1
EXゴアグリーヴ,0,1,6,1,8,99,0,64,136,-2,2,-1,2,-2,細菌学,4,,,,,,,,,EX黒蝕竜チケット,1,黒蝕竜の鋭惨爪,4,穢れた竜鱗,5,天廻龍の上鱗,4
EXゴアレギンス,0,2,6,1,8,99,0,32,68,-2,3,-1,2,-2,細菌学,4,,,,,,,,,EX黒蝕竜チケット,1,黒蝕竜の鋭惨爪,4,穢れた竜鱗,5,天廻龍の上鱗,4
ゴアＲグリーヴ,0,1,6,0,8,99,0,56,128,-2,2,-1,2,-2,闘魂,6,,,,,,,,,獰猛化黒蝕竜鱗,1,黒蝕竜の堅殻,5,獰猛な蝕龍鱗,1,黒蝕竜素材(pts),8
ゴアＲレギンス,0,2,6,0,8,99,0,28,64,-2,3,-1,2,-2,闘魂,5,,,,,,,,,獰猛化黒蝕竜鱗,1,黒蝕竜の堅殻,5,獰猛な蝕龍鱗,1,黒蝕竜素材(pts),8
レギオスＳグリーヴ,0,1,6,0,7,99,0,60,132,2,0,-3,-2,0,抜刀会心,1,体術,4,,,,,,,千刃竜の鋭刃鱗,5,千刃竜の刻爪,5,千刃竜の翼爪,3,堅竜骨,4
レギオスＳレギンス,0,2,6,0,7,99,0,30,66,4,0,-3,-2,0,射法,1,体術,4,,,,,,,千刃竜の鋭刃鱗,5,千刃竜の刻爪,5,千刃竜の翼爪,3,堅竜骨,4
ドボルグリーヴ,0,1,6,1,6,99,0,66,138,-3,2,1,-2,1,溜め短縮,3,,,,,,,,,尾槌竜の堅尾甲,3,尾槌竜の堅苔甲,4,尾槌竜のコブ,3,堅竜骨,3
ドボルレギンス,0,2,6,1,6,99,0,33,69,-2,2,1,-2,1,溜め短縮,3,,,,,,,,,尾槌竜の堅尾甲,3,尾槌竜の堅苔甲,4,尾槌竜のコブ,3,堅竜骨,3
レックスＳグリーヴ,0,1,6,1,6,99,0,60,132,2,0,-3,0,-2,食事,2,聴覚保護,3,回復量,-1,,,,,轟竜の上鱗,4,轟竜の尖爪,2,轟竜の甲殻,4,ユニオン鉱石,4
レックスＳレギンス,0,2,6,1,6,99,0,30,66,4,0,-3,0,-2,食事,2,聴覚保護,3,回復量,-1,,,,,轟竜の上鱗,4,轟竜の尖爪,2,轟竜の甲殻,4,ユニオン鉱石,4
EXレックスグリーヴ,0,1,6,1,8,99,0,64,136,2,0,-3,0,-2,食事,1,逆上,3,肉食,2,,,,,EX轟竜チケット,1,轟竜の上鱗,6,轟竜の鱗,5,巨獣の堅牙,4
EXレックスレギンス,0,2,6,1,8,99,0,32,68,4,0,-3,0,-2,食事,1,逆上,3,肉食,2,,,,,EX轟竜チケット,1,轟竜の上鱗,6,轟竜の鱗,5,巨獣の堅牙,4
レックスＲグリーヴ,0,1,6,1,8,99,0,56,128,2,0,-3,0,-2,聴覚保護,5,,,,,,,,,獰猛化轟竜鱗,1,轟竜の堅殻,5,轟竜の鋭牙,6,轟竜素材(pts),8
レックスＲレギンス,0,2,6,1,8,99,0,28,64,4,0,-3,0,-2,聴覚保護,5,,,,,,,,,獰猛化轟竜鱗,1,轟竜の堅殻,5,轟竜の鋭牙,6,轟竜素材(pts),8
キリンＳレガース,0,1,6,1,6,99,0,64,136,-1,-1,3,0,2,属性攻撃,3,加護,2,スタミナ,2,,,,,キリンの上皮,1,キリンの雷尾,3,ゴム質の上皮,2,電気袋,6
キリンＳブーツ,0,2,6,1,6,99,0,32,68,-1,-1,4,0,2,属性攻撃,3,加護,2,スタミナ,2,,,,,キリンの上皮,1,キリンの雷尾,3,ゴム質の上皮,2,電気袋,6
キリンＲレガース,0,1,6,1,7,99,0,60,132,-1,-1,3,0,2,加護,3,,,,,,,,,獰猛な帯電毛,1,キリンの上皮,3,キリンの皮,5,獰猛化素材(上位pts),8
キリンＲブーツ,0,2,6,1,7,99,0,30,66,-1,-1,4,0,2,加護,3,,,,,,,,,獰猛な帯電毛,1,キリンの上皮,3,キリンの皮,5,獰猛化素材(上位pts),8
ブラキＳグリーヴ,0,1,6,2,7,99,0,62,134,2,-4,0,-2,0,闘魂,2,細菌学,1,,,,,,,砕竜の堅殻,4,砕竜の堅黒曜甲,2,砕竜の剛拳,2,ドラグライト鉱石,10
ブラキＳレギンス,0,2,6,2,7,99,0,31,67,2,-3,0,-2,0,闘魂,2,細菌学,1,,,,,,,砕竜の堅殻,4,砕竜の堅黒曜甲,2,砕竜の剛拳,2,ドラグライト鉱石,10
EXブラキグリーヴ,0,1,6,2,8,99,0,66,138,2,-4,0,-2,0,爆弾強化,3,匠,1,,,,,,,EX砕竜チケット,1,砕竜の堅殻,5,砕竜の黒曜甲,5,モンスターの濃汁,8
EXブラキレギンス,0,2,6,2,8,99,0,33,69,2,-3,0,-2,0,爆弾強化,3,速射,1,,,,,,,EX砕竜チケット,1,砕竜の堅殻,5,砕竜の黒曜甲,5,モンスターの濃汁,8
金色ノ袴,0,1,6,0,6,99,0,66,138,2,1,3,-5,2,無心,2,攻撃,3,気配,-2,,,,,金獅子の尖角,2,金獅子の黒毛,2,翼蛇竜の上皮,2,鋼の龍鱗,2
黒子ノ足袋,0,2,6,0,6,99,0,33,69,2,1,3,-4,2,無心,2,攻撃,3,気配,2,,,,,金獅子の尖角,2,金獅子の黒毛,2,翼蛇竜の上皮,2,鋼の龍鱗,2
バンギスグリーヴ,0,1,6,1,6,99,0,66,138,0,0,-4,0,-4,痛撃,2,重撃,2,腹減り,-2,,,,,恐暴竜の鉤爪,4,恐暴竜の黒鱗,6,恐暴竜の唾液,3,爆鎚竜の骨髄,1
バンギスレギンス,0,2,6,1,6,99,0,33,69,0,0,-3,0,-4,痛撃,2,重撃,2,腹減り,-2,,,,,恐暴竜の鉤爪,4,恐暴竜の黒鱗,6,恐暴竜の唾液,3,爆鎚竜の骨髄,1
ギルドナイトブーツ,1,1,6,1,4,99,0,50,122,0,0,0,0,0,運気,2,采配,2,,,,,,,ギルドチケット,1,ゲネポスの大上皮,5,カンタロスの堅殻,3,モンスターの体液,3
ギルドナイトタイツ,1,2,6,1,4,99,0,25,61,0,0,0,0,0,運気,1,采配,2,,,,,,,ギルドチケット,1,ゲネポスの大上皮,5,カンタロスの堅殻,3,モンスターの体液,3
メイドＳソックス,2,1,6,1,7,99,0,50,122,0,0,0,0,0,運気,2,采配,2,,,,,,,ココットチケット,1,ゲネポスの大上皮,5,カンタロスの堅殻,3,モンスターの体液,3
プライベートＳタイツ,2,2,6,1,7,99,0,25,61,0,0,0,0,0,運気,1,采配,2,,,,,,,ココットチケット,1,ゲネポスの大上皮,5,カンタロスの堅殻,3,モンスターの体液,3
ギルドガードブーツ蒼,1,1,6,1,6,6,0,50,122,0,0,0,0,0,護石王,2,采配,2,,,,,,,ギルドチケット,1,ポッケチケット,1,海竜の上鱗,4,ランポスの大皮,6
ギルドガードタイツ蒼,1,2,6,1,6,6,0,25,61,0,0,0,0,0,護石王,1,采配,2,,,,,,,ギルドチケット,1,ポッケチケット,1,海竜の上鱗,4,ランポスの大皮,6
ギルドガードブーツ蒼,2,1,6,1,6,6,0,50,122,0,0,0,0,0,護石王,2,采配,2,,,,,,,ギルドチケット,1,ポッケチケット,1,海竜の上鱗,4,ランポスの大皮,6
ギルドガードタイツ蒼,2,2,6,1,6,6,0,25,61,0,0,0,0,0,護石王,1,采配,2,,,,,,,ギルドチケット,1,ポッケチケット,1,海竜の上鱗,4,ランポスの大皮,6
ギルドガードブーツ紅,1,1,6,1,6,6,0,50,122,0,0,0,0,0,剥ぎ取り,2,采配,2,,,,,,,ギルドチケット,1,ポッケチケット,1,鬼蛙の上鱗,5,盾蟹の小殻,8
ギルドガードタイツ紅,1,2,6,1,6,6,0,25,61,0,0,0,0,0,剥ぎ取り,1,采配,2,,,,,,,ギルドチケット,1,ポッケチケット,1,鬼蛙の上鱗,5,盾蟹の小殻,8
ギルドガードブーツ紅,2,1,6,1,6,6,0,50,122,0,0,0,0,0,剥ぎ取り,2,采配,2,,,,,,,ギルドチケット,1,ポッケチケット,1,鬼蛙の上鱗,5,盾蟹の小殻,8
ギルドガードタイツ紅,2,2,6,1,6,6,0,25,61,0,0,0,0,0,剥ぎ取り,1,采配,2,,,,,,,ギルドチケット,1,ポッケチケット,1,鬼蛙の上鱗,5,盾蟹の小殻,8
ヘルパーＳソックス,2,1,6,1,6,99,0,50,122,0,0,0,0,0,広域,3,回復量,3,,,,,,,ポッケチケット,1,ノヴァクリスタル,2,雪獅子の毛,3,雌火竜の堅殻,4
ヒーラーＳソックス,2,2,6,1,6,99,0,25,61,0,0,0,0,0,広域,3,回復量,2,,,,,,,ポッケチケット,1,ノヴァクリスタル,2,雪獅子の毛,3,雌火竜の堅殻,4
ヘルパーＵソックス,2,1,6,0,6,99,0,50,122,0,0,0,0,0,広域,2,重撃,3,観察眼,2,,,,,ポッケチケット,1,ノヴァクリスタル,2,迅竜の黒毛,3,雌火竜の堅殻,4
ヒーラーＵソックス,2,2,6,0,6,99,0,25,61,0,0,0,0,0,回復量,2,重撃,3,千里眼,2,,,,,ポッケチケット,1,ノヴァクリスタル,2,迅竜の黒毛,3,雌火竜の堅殻,4
ギルドバードＳブーツ,1,1,6,1,6,99,0,50,122,0,0,0,0,0,運気,2,号令,2,,,,,,,ギルドチケット,1,龍歴院チケット,1,潜口竜の尖爪,4,カブレライト鉱石,5
ギルドバードＳフット,1,2,6,1,6,99,0,25,61,0,0,0,0,0,運気,1,号令,2,,,,,,,ギルドチケット,1,龍歴院チケット,1,潜口竜の尖爪,4,カブレライト鉱石,5
三眼の足輪,0,0,6,3,6,99,0,15,51,0,0,0,0,0,,,,,,,,,,,堅竜骨,2,ノヴァクリスタル,2,,,,
撫子・華【球袴】,2,1,6,1,7,99,0,50,122,0,0,0,0,0,千里眼,2,観察眼,2,無心,2,,,,,ユクモチケット,1,ユクモの堅木,2,爆鎚竜の上鱗,5,ノヴァクリスタル,2
桔梗・華【球袴】,2,2,6,1,7,99,0,25,61,0,0,0,0,0,千里眼,2,観察眼,2,無心,2,,,,,ユクモチケット,1,ユクモの堅木,2,爆鎚竜の上鱗,5,ノヴァクリスタル,2
エースグリーヴ,1,1,6,0,8,99,0,50,122,0,0,0,0,0,斬れ味,2,剣術,2,気力回復,3,,,,,ベルナチケット,1,獰猛化鬼蛙鱗,1,黒蝕竜の上暗翼,3,古龍の血,2
エースレギンス,1,2,6,0,8,99,0,25,61,0,0,0,0,0,弾薬節約,2,装填数,2,気力回復,2,,,,,ベルナチケット,1,獰猛化鬼蛙鱗,1,黒蝕竜の上暗翼,3,古龍の血,2
クイーングリーヴ,2,1,6,0,8,99,0,50,122,0,0,0,0,0,斬れ味,2,剣術,2,気力回復,3,,,,,ベルナチケット,1,獰猛化鬼蛙鱗,1,黒蝕竜の上暗翼,3,古龍の血,2
クイーンレギンス,2,2,6,0,8,99,0,25,61,0,0,0,0,0,弾薬節約,2,装填数,2,気力回復,2,,,,,ベルナチケット,1,獰猛化鬼蛙鱗,1,黒蝕竜の上暗翼,3,古龍の血,2
ホークブーツ,1,1,6,1,7,6,0,50,122,0,0,0,0,0,体術,4,食事,2,,,,,,,ベルナチケット,1,上質な毛皮,2,化け鮫の上皮,4,奇猿狐の剛毛,2
ホークフット,1,2,6,1,7,6,0,25,61,0,0,0,0,0,体術,4,食事,2,,,,,,,ベルナチケット,1,上質な毛皮,2,化け鮫の上皮,4,奇猿狐の剛毛,2
グルニャンＳブーツ,0,1,6,2,6,99,0,56,128,1,1,1,1,1,回復量,2,スタミナ,2,,,,,,,獰猛化エキス,1,ビストロチケット,2,龍歴院チケット,1,青熊獣の剛毛,8
グルニャンＳフット,0,2,6,2,6,99,0,28,64,1,1,1,1,1,回復量,2,スタミナ,2,,,,,,,獰猛化エキス,1,ビストロチケット,2,龍歴院チケット,1,青熊獣の剛毛,8
サージュＳブーツ,0,1,6,2,6,99,0,50,122,0,0,0,0,0,捕獲,1,細菌学,4,,,,,,,龍歴院チケット,1,雲羊鹿の毛玉,5,獰猛な爪,2,電竜の上鱗,3
サージュＳタイツ,0,2,6,2,6,99,0,25,61,0,0,0,0,0,捕獲,1,細菌学,4,,,,,,,龍歴院チケット,1,雲羊鹿の毛玉,5,獰猛な爪,2,電竜の上鱗,3
城塞遊撃隊【足袋】,0,1,6,1,8,99,0,56,128,0,0,0,0,0,跳躍,3,攻撃,1,気力回復,1,,,,,ギルドチケット,1,轟竜の堅殻,4,竜玉,1,ゲネポスの皮,10
城塞弓撃隊【足袋】,0,2,6,1,8,99,0,28,64,0,0,0,0,0,跳躍,3,攻撃,1,気力回復,1,,,,,ギルドチケット,1,轟竜の堅殻,4,竜玉,1,ゲネポスの皮,10
忍の足袋・天,0,1,7,1,8,99,0,56,128,2,-1,2,-1,1,腹減り,8,気配,2,,,,,,,ギルドチケット,1,煌黒龍の翼膜,1,雌火竜の堅殻,5,古龍の血,2
忍の足袋・地,0,2,7,1,8,99,0,28,64,2,-1,2,-1,2,腹減り,7,気配,2,,,,,,,ギルドチケット,1,煌黒龍の翼膜,1,雌火竜の堅殻,5,古龍の血,2
忍の足袋・空,0,1,7,1,8,99,0,60,132,2,-1,2,-1,1,特殊攻撃,6,連撃,2,,,,,,,ギルドチケット,1,煌黒龍の翼膜,1,金火竜の堅殻,3,古龍の血,2
忍の足袋・海,0,2,7,1,8,99,0,30,66,2,-1,2,-1,2,特殊攻撃,5,連撃,2,,,,,,,ギルドチケット,1,煌黒龍の翼膜,1,金火竜の堅殻,3,古龍の血,2
龍歴士ブーツ,0,1,7,1,7,6,0,66,138,2,2,-2,-2,2,寒冷適応,2,炎熱適応,2,研磨術,2,,,,,ベルナチケット,2,龍歴院チケット,2,勇気の証Ｇ,2,竜玉,1
龍歴士フット,0,2,7,1,7,6,0,33,69,2,2,-2,-2,3,寒冷適応,2,炎熱適応,2,研磨術,2,,,,,ベルナチケット,2,龍歴院チケット,2,勇気の証Ｇ,2,竜玉,1
マスターグリーヴ,0,1,7,1,7,99,0,66,138,2,-2,2,-2,2,無心,2,英雄の盾,2,加護,2,,,,,ココットチケット,2,勇気の証Ｇ,2,いにしえの龍骨,3,竜玉,1
マスターレギンス,0,2,7,1,7,99,0,33,69,3,-2,2,-2,2,無心,2,英雄の盾,2,加護,2,,,,,ココットチケット,2,勇気の証Ｇ,2,いにしえの龍骨,3,竜玉,1
ブラックＳフット,0,1,7,1,8,99,0,66,138,2,2,2,2,-5,属性耐性,1,溜め短縮,2,抜刀会心,2,,,,,発光する上粘液,2,ポッケチケット,2,黒いかけら,3,いにしえの龍骨,3
ブラックＳレグス,0,2,7,1,8,99,0,33,69,2,2,2,3,-5,属性耐性,1,溜め短縮,1,貫通弾強化,2,,,,,発光する上粘液,2,ポッケチケット,2,黒いかけら,3,いにしえの龍骨,3
桐花【具足】,0,1,7,1,8,99,0,66,138,-2,2,2,2,-2,連撃,2,会心強化,2,属性会心,2,,,,,ユクモチケット,2,足湯チケット,1,希望の証Ｇ,2,古龍の浄血,1
三葵【具足】,0,2,7,1,8,99,0,33,69,-2,2,3,2,-2,連撃,2,会心強化,2,属性会心,2,,,,,ユクモチケット,2,足湯チケット,1,希望の証Ｇ,2,古龍の浄血,1
ウィズダムブーツ,0,1,7,1,99,10,0,62,134,0,0,0,0,0,ＳＰ延長,3,調合数,3,我慢,2,腹減り,-2,,,勇気の証Ｇ,1,雲羊鹿の毛玉,4,電竜の上鱗,3,龍神カズラ,4
ウィズダムフット,0,2,7,1,99,10,0,31,67,0,0,0,0,0,ＳＰ延長,2,調合数,3,我慢,2,腹減り,-2,,,勇気の証Ｇ,1,雲羊鹿の毛玉,4,電竜の上鱗,3,龍神カズラ,4
チアフルブーツ,2,1,7,1,99,9,0,48,120,0,0,0,0,0,納刀研磨,3,体力,3,剣術,-2,,,,,勇気の証,1,上質な毛皮,3,龍神カズラ,3,夜鳥の上羽鱗,4
チアフルフット,2,2,7,1,99,9,0,24,60,0,0,0,0,0,射法,3,体力,3,精密射撃,-2,,,,,勇気の証,1,上質な毛皮,3,龍神カズラ,3,夜鳥の上羽鱗,4
マリネロソックス,2,1,7,0,99,9,0,50,122,0,0,0,0,0,特殊攻撃,2,連撃,3,属性攻撃,-2,,,,,勇気の証,1,龍歴院チケット,1,鎧竜の頭殻,2,水竜の上鱗,3
マリネロサンダル,2,2,7,0,99,9,0,25,61,0,0,0,0,0,特殊攻撃,2,速射,3,属性攻撃,-2,,,,,勇気の証,1,龍歴院チケット,1,鎧竜の頭殻,2,水竜の上鱗,3
EXレイアＳグリーヴ,0,1,7,0,8,99,0,64,136,4,0,-3,0,-4,ガード強化,3,ガード性能,2,根性,2,,,,,EX火竜チケットＳ,1,雌火竜の堅殻,5,雌火竜の翼膜,4,爆炎袋,2
EXレイアＳレギンス,0,2,7,0,8,99,0,32,68,6,0,-3,0,-4,ガード強化,3,ガード性能,2,根性,2,,,,,EX火竜チケットＳ,1,雌火竜の堅殻,5,雌火竜の翼膜,4,爆炎袋,2
EXレウスＳグリーヴ,0,1,7,1,8,99,0,64,136,5,0,-4,0,-4,攻撃,3,炎熱適応,3,,,,,,,EX火竜チケットＳ,1,火竜の堅殻,5,火竜の翼膜,4,爆炎袋,2
EXレウスＳレギンス,0,2,7,1,8,99,0,32,68,6,0,-4,0,-4,攻撃,3,炎熱適応,3,,,,,,,EX火竜チケットＳ,1,火竜の堅殻,5,火竜の翼膜,4,爆炎袋,2
EXレックスＳグリーヴ,0,1,7,1,8,6,0,64,136,2,0,-4,0,-3,スタミナ,3,体術,2,,,,,,,EX轟竜チケットＳ,1,轟竜の上鱗,6,轟竜の鱗,5,泡狐竜の尖爪,4
EXレックスＳレギンス,0,2,7,1,8,6,0,32,68,4,0,-4,0,-3,スタミナ,3,体術,2,,,,,,,EX轟竜チケットＳ,1,轟竜の上鱗,6,轟竜の鱗,5,泡狐竜の尖爪,4
ディアブログリーヴ,0,1,7,1,8,10,1,66,138,3,-1,-1,-3,-1,抜刀会心,2,闘魂,2,特殊会心,-3,,,,,★生産素材未入力,1,,,,,,
ディアブロレギンス,0,2,7,1,8,10,1,33,69,3,0,0,-3,0,装填速度,2,闘魂,2,特殊会心,-3,,,,,★生産素材未入力,1,,,,,,
アークＳグリーヴ,1,1,7,0,7,99,0,68,140,-2,2,0,2,-4,無傷,2,匠,4,節食,2,,,,,天廻龍の堅殻,5,天廻龍の上鱗,4,天廻龍の鋭浄爪,3,堅竜骨,6
アークＳレギンス,1,2,7,1,7,99,0,34,70,-2,2,0,2,-3,無傷,2,通常弾強化,4,節食,2,,,,,天廻龍の堅殻,5,天廻龍の上鱗,4,天廻龍の鋭浄爪,3,堅竜骨,6
フィリアＳグリーヴ,2,1,7,0,7,99,0,68,140,-2,2,0,2,-4,無傷,2,匠,4,節食,2,,,,,天廻龍の堅殻,5,天廻龍の上鱗,4,天廻龍の鋭浄爪,3,堅竜骨,6
フィリアＳレギンス,2,2,7,1,7,99,0,34,70,-2,2,0,2,-3,無傷,2,通常弾強化,4,節食,2,,,,,天廻龍の堅殻,5,天廻龍の上鱗,4,天廻龍の鋭浄爪,3,堅竜骨,6
EXアークグリーヴ,1,1,7,0,7,6,0,72,144,-2,2,0,2,-4,チャンス,2,ガード性能,4,節食,2,,,,,EX天廻龍チケット,1,天廻龍の鋭浄爪,4,純白の龍鱗,5,黒蝕竜の上鱗,4
EXアークレギンス,1,2,7,0,7,6,0,36,72,-2,2,0,2,-3,チャンス,2,反動,4,節食,2,,,,,EX天廻龍チケット,1,天廻龍の鋭浄爪,4,純白の龍鱗,5,黒蝕竜の上鱗,4
EXフィリアグリーヴ,2,1,7,0,7,6,0,72,144,-2,2,0,2,-4,チャンス,2,ガード性能,4,節食,2,,,,,EX天廻龍チケット,1,天廻龍の鋭浄爪,4,純白の龍鱗,5,黒蝕竜の上鱗,4
EXフィリアレギンス,2,2,7,0,7,6,0,36,72,-2,2,0,2,-3,チャンス,2,反動,4,節食,2,,,,,EX天廻龍チケット,1,天廻龍の鋭浄爪,4,純白の龍鱗,5,黒蝕竜の上鱗,4
アークＲグリーヴ,1,1,7,0,8,99,0,64,136,-2,2,0,2,-4,匠,5,,,,,,,,,獰猛な蝕龍鱗,1,天廻龍の上鱗,5,獰猛化黒蝕竜鱗,1,天廻龍素材(pts),8
アークＲレギンス,1,2,7,0,8,99,0,32,68,-2,2,0,2,-3,通常弾強化,5,,,,,,,,,獰猛な蝕龍鱗,1,天廻龍の上鱗,5,獰猛化黒蝕竜鱗,1,天廻龍素材(pts),8
フィリアＲグリーヴ,2,1,7,0,8,99,0,64,136,-2,2,0,2,-4,匠,5,,,,,,,,,獰猛な蝕龍鱗,1,天廻龍の上鱗,5,獰猛化黒蝕竜鱗,1,天廻龍素材(pts),8
フィリアＲレギンス,2,2,7,0,8,99,0,32,68,-2,2,0,2,-3,通常弾強化,5,,,,,,,,,獰猛な蝕龍鱗,1,天廻龍の上鱗,5,獰猛化黒蝕竜鱗,1,天廻龍素材(pts),8
バルクグリーヴ,0,1,7,1,99,10,0,70,142,-2,-2,-2,-2,3,龍気,3,走行継続,2,攻撃,2,達人,-2,,,天彗龍の槍翼,1,天彗龍の上鱗,3,天彗龍の尖爪,2,砕竜の黒曜甲,3
バルクレギンス,0,2,7,1,99,10,0,35,71,-2,-2,-2,-2,4,龍気,3,走行継続,2,攻撃,2,達人,-2,,,天彗龍の槍翼,1,天彗龍の上鱗,3,天彗龍の尖爪,2,砕竜の黒曜甲,3
クシャナＳペイル,0,1,7,1,8,99,0,72,144,-1,2,-2,3,-3,耐暑,2,匠,3,毒,-2,,,,,鋼龍の堅殻,3,鋼の上龍鱗,4,鋼龍の爪,3,ユニオン鉱石,3
クシャナＳハディ,0,2,7,1,8,99,0,36,72,-1,2,-2,5,-3,耐暑,2,速射,2,毒,-2,,,,,鋼龍の堅殻,3,鋼の上龍鱗,4,鋼龍の爪,3,ユニオン鉱石,3
EXクシャナペイル,0,1,7,1,8,99,0,76,148,-1,2,-2,3,-3,ガード性能,2,連撃,3,,,,,,,EX鋼龍チケット,1,鋼龍の堅殻,5,鋼の上龍鱗,6,鋼龍素材(pts),8
EXクシャナハディ,0,2,7,1,8,99,0,38,74,-1,2,-2,5,-3,装填速度,2,連撃,3,,,,,,,EX鋼龍チケット,1,鋼龍の堅殻,5,鋼の上龍鱗,6,鋼龍素材(pts),8
クシャナＲペイル,0,1,7,1,8,99,0,68,140,-1,2,-2,3,-3,炎熱適応,2,匠,2,毒,-4,,,,,古龍の浄血,1,獰猛な氷塊,2,鋼の上龍鱗,6,獰猛化素材(上位pts),8
クシャナＲハディ,0,2,7,0,8,99,0,34,70,-1,2,-2,5,-3,炎熱適応,2,装填数,2,毒,-4,,,,,古龍の浄血,1,獰猛な氷塊,2,鋼の上龍鱗,6,獰猛化素材(上位pts),8
ミヅハ覇【具足】,0,1,7,0,8,99,0,56,128,-5,1,0,2,-3,風圧,4,聴覚保護,3,特殊攻撃,2,,,,,霞龍の上皮,2,霞龍の翼膜,1,真珠色の柔皮,2,ユニオン鉱石,5
トヨタマ覇【具足】,0,2,7,0,8,99,0,28,64,-4,1,0,2,-3,風圧,4,聴覚保護,3,特殊攻撃,2,,,,,霞龍の上皮,2,霞龍の翼膜,1,真珠色の柔皮,2,ユニオン鉱石,5
EXミヅハ【具足】,0,1,7,0,8,99,0,60,132,-5,1,0,2,-3,聴覚保護,3,茸食,2,笛,2,,,,,EX霞龍チケット,1,霞龍の上皮,5,真珠色の柔皮,8,,
EXトヨタマ【具足】,0,2,7,0,8,99,0,30,66,-4,1,0,2,-3,聴覚保護,3,茸食,2,気配,2,,,,,EX霞龍チケット,1,霞龍の上皮,5,真珠色の柔皮,8,,
カイザーＳグリーヴ,0,1,7,0,8,99,0,66,138,4,-4,1,-1,-3,闘魂,3,気力回復,2,毒,2,,,,,炎王龍の堅殻,4,炎龍の塵粉,2,獄炎石,2,古龍の血,3
カイザーＳレギンス,0,2,7,0,8,99,0,33,69,4,-3,1,-1,-3,闘魂,3,気力回復,2,毒,2,,,,,炎王龍の堅殻,4,炎龍の塵粉,2,獄炎石,2,古龍の血,3
EXカイザーグリーヴ,0,1,7,0,8,99,0,70,142,4,-4,1,-1,-3,達人,4,回避性能,2,聴覚保護,2,,,,,EX炎王龍チケット,1,炎王龍の堅殻,5,獄炎の龍鱗,5,,
EXカイザーレギンス,0,2,7,0,8,99,0,35,71,4,-3,1,-1,-3,達人,4,回避性能,2,聴覚保護,2,,,,,EX炎王龍チケット,1,炎王龍の堅殻,5,獄炎の龍鱗,5,,
シルバーソルグリーヴ,0,1,7,1,7,99,0,66,138,2,-6,-4,0,4,痛撃,3,会心強化,2,気絶,-2,,,,,銀火竜の堅殻,2,銀火竜の上鱗,4,火竜の煌液,2,ユニオン鉱石,5
シルバーソルレギンス,0,2,7,1,7,99,0,33,69,2,-5,-4,0,4,痛撃,3,会心強化,2,気絶,-2,,,,,銀火竜の堅殻,2,銀火竜の上鱗,4,火竜の煌液,2,ユニオン鉱石,5
EXＳ・ソルグリーヴ,0,1,7,0,8,99,0,70,142,2,-6,-4,0,4,剥ぎ取り,3,護石王,2,剣術,-3,,,,,EX銀火竜チケット,1,銀火竜の堅殻,5,火竜の鱗,8,,
EXＳ・ソルレギンス,0,2,7,0,8,99,0,35,71,2,-5,-4,0,4,剥ぎ取り,3,護石王,2,精密射撃,-3,,,,,EX銀火竜チケット,1,銀火竜の堅殻,5,火竜の鱗,8,,
Ｓ・ソルＲグリーヴ,0,1,7,0,8,99,0,62,134,2,-6,-4,0,4,匠,2,会心強化,2,斬れ味,-4,,,,,獰猛化銀火竜鱗,1,銀火竜の堅殻,5,火竜の煌液,4,獰猛化素材(上位pts),8
Ｓ・ソルＲレギンス,0,2,7,0,8,99,0,31,67,2,-5,-4,0,4,装填数,2,会心強化,2,調合成功率,-4,,,,,獰猛化銀火竜鱗,1,銀火竜の堅殻,5,火竜の煌液,4,獰猛化素材(上位pts),8
ゴールドルナグリーヴ,0,1,7,0,7,99,0,64,136,2,-4,-6,0,4,効果持続,3,回復量,3,節食,2,,,,,金火竜の堅殻,4,金火竜の上鱗,4,堅竜骨,5,古龍の血,2
ゴールドルナレギンス,0,2,7,0,7,99,0,32,68,2,-4,-5,0,4,効果持続,3,回復量,3,節食,2,,,,,金火竜の堅殻,4,金火竜の上鱗,4,堅竜骨,5,古龍の血,2
EXＧ・ルナグリーヴ,0,1,7,0,8,99,0,68,140,2,-4,-6,0,4,運気,4,護石王,2,体力,-3,,,,,EX金火竜チケット,1,金火竜の堅殻,5,雌火竜の鱗,8,,
EXＧ・ルナレギンス,0,2,7,0,8,99,0,34,70,2,-4,-5,0,4,運気,4,護石王,2,体力,-3,,,,,EX金火竜チケット,1,金火竜の堅殻,5,雌火竜の鱗,8,,
怒天ノ袴,0,1,7,0,8,99,0,70,142,2,1,3,-6,2,無心,2,斬れ味,3,気配,-3,,,,,金獅子の怒髪,3,金獅子の尖角,2,金獅子の黒毛,4,金火竜の上鱗,2
心滅ノ足袋,0,2,7,0,8,99,0,35,71,2,1,3,-5,2,無心,2,弾薬節約,3,気配,3,,,,,金獅子の怒髪,3,金獅子の尖角,2,金獅子の黒毛,4,金火竜の上鱗,2
グリードグリーヴ,0,1,7,0,8,99,0,70,142,-2,-2,-5,-2,-2,斬れ味,2,匠,3,腹減り,-2,,,,,歴戦の漆黒皮,2,恐暴竜の黒鱗,5,恐暴竜の鉤爪,4,古龍の浄血,1
グリードレギンス,0,2,7,1,8,99,0,35,71,-2,-2,-4,-2,-2,射法,2,通常弾強化,2,腹減り,-2,,,,,歴戦の漆黒皮,2,恐暴竜の黒鱗,5,恐暴竜の鉤爪,4,古龍の浄血,1
グリードＲグリーヴ,0,1,7,3,8,99,0,66,138,-2,-2,-5,-2,-2,匠,2,,,,,,,,,獰猛化恐暴竜鱗,1,ドス黒い血,4,恐暴竜の黒皮,6,獰猛化素材(上位pts),8
グリードＲレギンス,0,2,7,3,8,99,0,33,69,-2,-2,-4,-2,-2,通常弾強化,2,,,,,,,,,獰猛化恐暴竜鱗,1,ドス黒い血,4,恐暴竜の黒皮,6,獰猛化素材(上位pts),8
アカムトケマル,0,1,7,0,8,99,0,74,146,4,0,-3,2,-5,鈍器,2,聴覚保護,3,剣術,2,,,,,覇竜の上鱗,4,覇竜の剛爪,4,覇竜の堅殻,5,火竜の延髄,3
アカムトチキル,0,2,7,0,8,99,0,37,73,4,0,-3,2,-4,精密射撃,2,聴覚保護,3,貫通弾強化,2,,,,,覇竜の上鱗,4,覇竜の剛爪,4,覇竜の堅殻,5,火竜の延髄,3
アカムトＲケマル,0,1,7,2,8,99,0,70,142,4,0,-3,2,-5,鈍器,5,,,,,,,,,大竜結晶,1,獰猛な炎鱗,2,覇竜の上鱗,6,獰猛化素材(上位pts),8
アカムトＲチキル,0,2,7,2,8,99,0,35,71,4,0,-3,2,-4,貫通弾強化,5,,,,,,,,,大竜結晶,1,獰猛な炎鱗,2,覇竜の上鱗,6,獰猛化素材(上位pts),8
ウカムルケマル,0,1,7,0,8,99,0,80,152,-4,0,-3,4,-2,斬れ味,2,攻撃,4,回復量,2,,,,,崩竜の穿爪,2,崩竜の上ヒレ,4,崩竜の腹鱗,3,真珠色の柔皮,5
ウカムルチキル,0,2,7,0,8,99,0,40,76,-4,0,-3,4,-2,散弾強化,2,攻撃,4,回復量,2,,,,,崩竜の穿爪,2,崩竜の上ヒレ,4,崩竜の腹鱗,3,真珠色の柔皮,5
荒天【袴】,0,1,7,0,8,99,0,70,142,-3,4,0,0,-5,本気,3,回避性能,4,研ぎ師,-2,,,,,嵐龍の飛膜,4,嵐龍の堅殻,5,嵐龍の鋭爪,4,大水袋,5
蒼天【袴】,0,2,7,0,8,99,0,35,71,-3,5,0,0,-5,本気,3,回避性能,4,精密射撃,-2,,,,,嵐龍の飛膜,4,嵐龍の堅殻,5,嵐龍の鋭爪,4,大水袋,5
荒天亜流【袴】,0,1,7,0,8,99,0,66,138,-3,4,0,0,-5,本気,2,回避性能,5,研ぎ師,-2,,,,,嵐龍の飛膜,6,獰猛な水袋,2,古龍の浄血,1,獰猛化素材(上位pts),8
蒼天亜流【袴】,0,2,7,0,8,99,0,33,69,-3,5,0,0,-5,本気,2,回避性能,5,精密射撃,-2,,,,,嵐龍の飛膜,6,獰猛な水袋,2,古龍の浄血,1,獰猛化素材(上位pts),8
骸装甲・覇【大腿骨】,0,1,7,1,8,99,0,70,142,-1,-1,-1,-1,-2,逆上,2,窮地,2,回復速度,-3,,,,,堅骸体殻,2,発光する上粘液,1,骸体殻,4,カワズの殿油,2
屍装甲・覇【大腿骨】,0,2,7,1,8,99,0,35,71,-1,-1,-1,-1,-1,逆上,2,窮地,2,回復速度,-3,,,,,堅骸体殻,2,発光する上粘液,1,骸体殻,4,カワズの殿油,2
アスリスタブーツ,0,1,7,1,8,99,0,70,142,0,2,1,1,-4,チャンス,2,無心,3,気まぐれ,-2,,,,,骸龍の口腕甲,2,骸龍の喰砕牙,2,発光する上粘液,1,砕竜の骨髄,2
アスリスタフット,0,2,7,1,8,99,0,35,71,0,2,1,1,-3,チャンス,2,無心,2,気まぐれ,-2,,,,,骸龍の口腕甲,2,骸龍の喰砕牙,2,発光する上粘液,1,砕竜の骨髄,2
エスカドラスケル,0,1,7,0,8,99,0,76,148,0,0,0,0,-4,属性攻撃,2,属性耐性,2,属性会心,2,,,,,煌黒龍の逆鱗,4,煌黒龍の堅逆殻,4,煌黒龍の翼膜,2,砕竜の頭殻,3
エスカドラスクレ,0,2,7,0,8,99,0,38,74,0,0,0,0,-4,属性攻撃,2,属性耐性,2,属性会心,2,,,,,煌黒龍の逆鱗,4,煌黒龍の堅逆殻,4,煌黒龍の翼膜,2,砕竜の頭殻,3
エスカドラＲスケル,0,1,7,1,8,99,0,72,144,0,0,0,0,-4,属性耐性,1,属性会心,5,,,,,,,煌黒龍の逆鱗,6,獰猛な蝕龍鱗,2,古龍の浄血,1,獰猛化素材(上位pts),8
エスカドラＲスクレ,0,2,7,1,8,99,0,36,72,0,0,0,0,-4,属性耐性,1,属性会心,5,,,,,,,煌黒龍の逆鱗,6,獰猛な蝕龍鱗,2,古龍の浄血,1,獰猛化素材(上位pts),8
レザーＸグリーヴ,0,1,8,2,13,99,0,76,118,0,0,0,0,0,気まぐれ,1,採取,3,,,,,,,極上の毛皮,2,堅竜骨,1,ファンゴの厚毛皮,1,,
レザーＸレギンス,0,2,8,2,13,99,0,40,67,0,1,1,0,0,気まぐれ,1,採取,2,,,,,,,極上の毛皮,2,堅竜骨,1,ファンゴの厚毛皮,1,,
チェーンＸグリーヴ,0,1,8,1,13,99,0,78,120,0,0,1,0,0,体力,5,,,,,,,,,エルトライト鉱石,3,ドラグライト鉱石,5,氷結晶,3,,
チェーンＸレギンス,0,2,8,1,13,99,0,41,68,0,0,1,1,0,体力,5,,,,,,,,,エルトライト鉱石,3,ドラグライト鉱石,5,氷結晶,3,,
ベルダーＸグリーヴ,0,1,8,2,13,99,0,80,122,0,1,0,0,0,加護,3,広域,3,,,,,,,極上の毛皮,2,ベルナチケットG,1,雲羊鹿の毛玉,2,柔軟な厚皮,2
ベルダーＸレギンス,0,2,8,2,13,99,0,44,71,0,2,0,0,0,加護,3,広域,3,,,,,,,★生産素材未入力,1,,,,,,
ハントＸグリーヴ,0,1,8,2,11,99,0,80,122,1,0,0,0,0,高速設置,3,爆弾強化,2,,,,,,,★生産素材未入力,1,,,,,,
ハントＸレギンス,0,2,8,2,11,99,0,44,71,2,0,0,0,0,高速設置,3,爆弾強化,2,,,,,,,★生産素材未入力,1,,,,,,
マフモフＸブーツ,0,1,8,1,13,99,0,80,122,-1,0,0,2,0,耐寒,4,溜め短縮,2,防御,2,,,,,★生産素材未入力,1,,,,,,
マフモフＸタイツ,0,2,8,1,13,99,0,44,71,-1,0,0,4,0,耐寒,4,溜め短縮,2,防御,2,,,,,★生産素材未入力,1,,,,,,
ユクモノハカマ・極天,0,1,8,2,13,99,0,80,122,0,0,1,0,0,達人,3,回避性能,2,,,,,,,★生産素材未入力,1,,,,,,
ユクモノハカマ・極地,0,2,8,2,13,99,0,44,71,0,0,2,0,0,達人,2,回避性能,3,,,,,,,★生産素材未入力,1,,,,,,
最高級ユアミサンダル,0,0,8,1,9,99,0,42,69,-2,-2,-2,-2,0,剥ぎ取り,5,泡沫,2,水属性攻撃,3,,,,,★生産素材未入力,1,,,,,,
ロックラックＸブーツ,0,0,8,1,9,99,0,36,63,1,0,0,0,2,運搬,4,耐暑,4,,,,,,,★生産素材未入力,1,,,,,,
ハンターＸグリーヴ,0,1,8,2,9,99,0,88,130,0,0,0,0,0,狩人,1,捕獲,3,,,,,,,★生産素材未入力,1,,,,,,
ハンターＸレギンス,0,2,8,2,9,99,0,51,78,0,0,0,0,0,狩人,1,捕獲,3,,,,,,,★生産素材未入力,1,,,,,,
ハンターXRグリーヴ,0,1,8,1,13,99,0,84,126,0,0,0,0,0,闘魂,3,観察眼,4,ガード性能,-1,,,,,★生産素材未入力,1,,,,,,
ハンターXRレギンス,0,2,8,1,13,99,0,48,75,0,0,0,0,0,闘魂,3,観察眼,2,反動,-1,,,,,★生産素材未入力,1,,,,,,
ボーンＸグリーヴ,0,1,8,1,9,99,0,92,134,0,0,0,-1,0,笛,6,鈍器,3,捕獲,1,,,,,★生産素材未入力,1,,,,,,
ボーンＸレギンス,0,2,8,1,9,99,0,53,80,0,0,0,-1,0,笛,6,変則射撃,3,捕獲,1,,,,,★生産素材未入力,1,,,,,,
狩人の革臑当Ｘ,0,1,8,1,9,99,0,86,128,0,1,0,0,0,野草知識,7,,,,,,,,,★生産素材未入力,1,,,,,,
狩人の革長靴Ｘ,0,2,8,1,9,99,0,49,76,0,1,0,0,0,野草知識,7,,,,,,,,,★生産素材未入力,1,,,,,,
跳狗竜の革臑当Ｘ,0,1,8,2,9,99,0,88,130,0,0,1,0,0,減気攻撃,6,,,,,,,,,★生産素材未入力,1,,,,,,
跳狗竜の革長靴Ｘ,0,2,8,2,9,99,0,51,78,0,0,1,0,0,減気攻撃,6,,,,,,,,,★生産素材未入力,1,,,,,,
狗竜の革臑当Ｘ,0,1,8,2,9,99,0,88,130,0,0,0,1,0,達人,6,,,,,,,,,★生産素材未入力,1,,,,,,
狗竜の革長靴Ｘ,0,2,8,2,9,99,0,51,78,0,0,0,1,0,達人,6,,,,,,,,,★生産素材未入力,1,,,,,,
メルホアＸライース,0,1,8,1,13,99,0,96,138,0,1,1,0,0,採取,4,野草知識,3,,,,,,,★生産素材未入力,1,,,,,,
メルホアＸヴルツェル,0,2,8,1,13,99,0,57,84,0,1,1,0,0,採取,4,野草知識,3,,,,,,,★生産素材未入力,1,,,,,,
メルホアＺライース,0,1,8,1,13,99,0,106,148,0,1,1,0,0,採取,4,耐寒,5,,,,,,,★生産素材未入力,1,,,,,,
メルホアＺヴルツェル,0,2,8,1,13,99,0,63,90,0,1,1,0,0,採取,3,耐寒,5,,,,,,,★生産素材未入力,1,,,,,,
マカルパＸパンツ,0,1,8,2,13,99,0,98,140,1,2,-2,0,0,調合成功率,3,調合数,3,,,,,,,★生産素材未入力,1,,,,,,
マカルパＸパルミュ,0,2,8,2,13,99,0,58,85,1,3,-2,0,0,調合成功率,3,調合数,3,,,,,,,★生産素材未入力,1,,,,,,
マカルパＺパンツ,0,1,8,2,13,99,0,108,150,1,2,-2,0,0,調合成功率,5,効果持続,1,,,,,,,★生産素材未入力,1,,,,,,
マカルパＺパルミュ,0,2,8,2,13,99,0,64,91,1,3,-2,0,0,調合成功率,5,効果持続,1,,,,,,,★生産素材未入力,1,,,,,,
オウビートＸガンバ,1,1,8,0,13,99,0,104,146,2,-2,2,-2,3,攻撃,4,体術,4,属性攻撃,2,,,,,★生産素材未入力,1,,,,,,
オウビートＸフェムル,1,2,8,0,13,99,0,62,89,3,-2,2,-2,4,攻撃,4,体術,3,属性攻撃,2,,,,,★生産素材未入力,1,,,,,,
パピメルＸガンバ,2,1,8,0,13,99,0,104,146,2,-2,2,-2,3,攻撃,4,体術,4,属性攻撃,2,,,,,★生産素材未入力,1,,,,,,
パピメルＸフェムル,2,2,8,0,13,99,0,62,89,3,-2,2,-2,4,攻撃,4,体術,3,属性攻撃,2,,,,,★生産素材未入力,1,,,,,,
デスギアＸフェルゼ,0,1,8,2,13,99,0,102,144,2,1,1,-1,0,龍属性攻撃,5,,,,,,,,,★生産素材未入力,1,,,,,,
デスギアＸヴィレ,0,2,8,2,13,99,0,61,88,3,1,1,-1,0,龍属性攻撃,5,,,,,,,,,★生産素材未入力,1,,,,,,
マギュルＸライース,0,1,8,1,13,99,0,92,134,-3,1,0,2,0,溜め短縮,5,気力回復,2,,,,,,,★生産素材未入力,1,,,,,,
マギュルＸヴルツェル,0,2,8,1,13,99,0,53,80,-3,2,0,3,0,溜め短縮,5,気力回復,2,,,,,,,★生産素材未入力,1,,,,,,
エーデルＸライース,0,1,8,0,9,99,0,90,132,-1,3,-1,0,0,広域,5,野草知識,3,,,,,,,★生産素材未入力,1,,,,,,
エーデルＸヴルツェル,0,2,8,0,9,99,0,52,79,-1,4,-1,0,0,広域,5,野草知識,2,,,,,,,★生産素材未入力,1,,,,,,
スカルダＸガンバ,1,1,8,2,9,99,0,102,144,3,-1,-1,-1,3,特殊会心,2,本気,2,痛撃,1,,,,,★生産素材未入力,1,,,,,,
スカルダＸフェムル,1,2,8,2,9,99,0,61,88,4,-1,-1,-1,3,特殊会心,2,本気,2,痛撃,1,,,,,★生産素材未入力,1,,,,,,
スパイオＸガンバ,2,1,8,2,9,99,0,102,144,3,-1,-1,-1,3,特殊会心,2,本気,2,痛撃,1,,,,,★生産素材未入力,1,,,,,,
スパイオＸフェムル,2,2,8,2,9,99,0,61,88,4,-1,-1,-1,3,特殊会心,2,本気,2,痛撃,1,,,,,★生産素材未入力,1,,,,,,
アロイＸグリーヴ,0,1,8,2,13,99,0,110,152,-1,0,-1,-1,0,研ぎ師,1,達人,4,,,,,,,★生産素材未入力,1,,,,,,
アロイＸレギンス,0,2,8,2,13,99,0,66,93,-1,0,-1,-1,0,装填速度,1,達人,3,,,,,,,★生産素材未入力,1,,,,,,
アロイXRグリーヴ,0,1,8,0,13,99,0,102,144,-1,0,-1,-1,0,研ぎ師,7,,,,,,,,,★生産素材未入力,1,,,,,,
アロイXRレギンス,0,2,8,0,13,99,0,61,88,-1,0,-1,-1,0,装填速度,7,,,,,,,,,★生産素材未入力,1,,,,,,
バトルＸグリーヴ,0,1,8,1,13,99,0,110,152,1,-1,-1,0,0,ガード性能,4,盗み無効,1,,,,,,,★生産素材未入力,1,,,,,,
バトルＸレギンス,0,2,8,1,13,99,0,66,93,2,-1,-1,0,0,反動,4,盗み無効,1,,,,,,,★生産素材未入力,1,,,,,,
インゴットＸグリーヴ,0,1,8,1,13,99,0,112,154,-1,-1,1,0,0,風圧,7,運気,-3,,,,,,,★生産素材未入力,1,,,,,,
インゴットＸレギンス,0,2,8,1,13,99,0,67,94,-1,-1,2,0,0,風圧,7,運気,-3,,,,,,,★生産素材未入力,1,,,,,,
インゴットXRグリーヴ,0,1,8,0,10,99,0,104,146,-1,-1,1,0,0,氷属性攻撃,8,,,,,,,,,★生産素材未入力,1,,,,,,
インゴットXRレギンス,0,2,8,0,10,99,0,62,89,-1,-1,2,0,0,氷属性攻撃,8,,,,,,,,,★生産素材未入力,1,,,,,,
ハイメタＸグリーヴ,0,1,8,2,13,99,0,110,152,0,-1,2,-1,0,聴覚保護,1,雷耐性,5,属性攻撃,2,,,,,★生産素材未入力,1,,,,,,
ハイメタＸレギンス,0,2,8,2,13,99,0,66,93,0,-1,3,-1,0,聴覚保護,1,雷耐性,5,属性攻撃,2,,,,,★生産素材未入力,1,,,,,,
ハイメタＺグリーヴ,0,1,8,1,13,99,0,110,152,0,-1,2,-1,0,聴覚保護,4,納刀,2,,,,,,,★生産素材未入力,1,,,,,,
ハイメタＺレギンス,0,2,8,1,13,99,0,66,93,0,-1,3,-1,0,聴覚保護,3,納刀,2,,,,,,,★生産素材未入力,1,,,,,,
Ｋ・ロブスタＸブーツ,0,1,8,1,13,99,0,102,144,-1,4,-1,-1,-1,節食,2,泡沫,2,回避性能,2,雷耐性,-2,,,★生産素材未入力,1,,,,,,
Ｋ・ロブスタＸフット,0,2,8,1,13,99,0,61,88,-1,5,-1,-1,-1,節食,2,泡沫,2,回避性能,2,雷耐性,-2,,,★生産素材未入力,1,,,,,,
ヴァイクＸグリーヴ,0,1,8,2,13,99,0,110,152,0,3,-2,-1,0,水属性攻撃,6,,,,,,,,,★生産素材未入力,1,,,,,,
ヴァイクＸレギンス,0,2,8,2,13,99,0,66,93,0,4,-2,-1,0,水属性攻撃,6,,,,,,,,,★生産素材未入力,1,,,,,,
パティシエＸブーツ,0,1,8,1,13,99,0,102,144,2,0,0,2,-2,効果持続,2,炎熱適応,2,節食,2,,,,,★生産素材未入力,1,,,,,,
パティシエＸフット,0,2,8,1,13,99,0,61,88,4,0,0,2,-2,効果持続,2,炎熱適応,2,節食,2,,,,,★生産素材未入力,1,,,,,,
グルニャンＸブーツ,0,1,8,2,13,99,0,116,158,1,1,1,1,1,回復量,2,スタミナ,2,食欲,3,,,,,★生産素材未入力,1,,,,,,
グルニャンＸフット,0,2,8,2,13,99,0,69,96,1,1,1,1,1,回復量,2,スタミナ,2,食欲,3,,,,,★生産素材未入力,1,,,,,,
ロワーガＸガンバ,1,1,8,1,13,99,0,110,152,-2,0,2,-2,2,達人,2,会心強化,3,納刀研磨,2,,,,,★生産素材未入力,1,,,,,,
ロワーガＸフェムル,1,2,8,1,13,99,0,66,93,-2,0,3,-2,3,達人,2,会心強化,3,弾薬節約,2,,,,,★生産素材未入力,1,,,,,,
ファルメルＸガンバ,2,1,8,1,13,99,0,110,152,-2,0,3,-2,2,達人,2,会心強化,3,納刀研磨,2,,,,,★生産素材未入力,1,,,,,,
ファルメルＸフェムル,2,2,8,1,13,99,0,66,93,-2,0,3,-2,3,達人,2,会心強化,3,弾薬節約,2,,,,,★生産素材未入力,1,,,,,,
エコールＸブーツ,2,1,8,2,9,99,0,102,144,0,0,0,0,0,千里眼,4,痛撃,2,,,,,,,★生産素材未入力,1,,,,,,
エコールＸフット,2,2,8,2,9,99,0,61,88,0,0,0,0,0,千里眼,4,痛撃,2,,,,,,,★生産素材未入力,1,,,,,,
ブレイブＸグリーヴ,0,1,8,2,13,99,0,106,148,0,0,0,0,0,火属性攻撃,7,闘魂,3,,,,,,,★生産素材未入力,1,,,,,,
ブレイブＸレギンス,0,2,8,2,13,99,0,63,90,1,1,1,1,1,火属性攻撃,7,闘魂,2,,,,,,,★生産素材未入力,1,,,,,,
アーティアＸグリーヴ,0,1,8,1,9,99,0,112,154,1,-2,-2,2,3,雷属性攻撃,6,高速設置,2,頑強,3,,,,,★生産素材未入力,1,,,,,,
アーティアＸレギンス,0,2,8,1,9,99,0,67,94,3,-2,-2,2,3,雷属性攻撃,6,高速設置,2,頑強,3,,,,,★生産素材未入力,1,,,,,,
アーティアXRグリーヴ,0,1,8,0,13,99,0,106,148,1,-2,-2,2,3,雷属性攻撃,8,走行継続,3,,,,,,,★生産素材未入力,1,,,,,,
アーティアXRレギンス,0,2,8,0,13,99,0,63,90,3,-2,-2,2,3,雷属性攻撃,8,走行継続,3,,,,,,,★生産素材未入力,1,,,,,,
メイドＸソックス,2,1,8,1,9,99,0,102,144,0,0,0,0,0,運気,2,采配,2,剛撃,2,,,,,★生産素材未入力,1,,,,,,
プライベートＸタイツ,2,2,8,1,9,99,0,61,88,0,0,0,0,0,運気,2,采配,2,裏稼業,2,,,,,★生産素材未入力,1,,,,,,
撫子・雅【球袴】,2,1,8,1,9,99,0,102,144,0,0,0,0,0,千里眼,2,観察眼,2,無心,2,我慢,2,,,★生産素材未入力,1,,,,,,
桔梗・雅【球袴】,2,2,8,1,9,99,0,61,88,0,0,0,0,0,千里眼,2,観察眼,2,無心,2,我慢,2,,,★生産素材未入力,1,,,,,,
サージュＸブーツ,0,1,8,2,9,99,0,114,156,0,0,0,0,0,捕獲,3,細菌学,4,,,,,,,★生産素材未入力,1,,,,,,
サージュＸタイツ,0,2,8,2,9,99,0,68,95,0,0,0,0,0,捕獲,3,細菌学,4,,,,,,,★生産素材未入力,1,,,,,,
ドーベルＸグリーヴ,0,1,8,1,13,99,0,116,158,-2,0,0,0,4,龍属性攻撃,4,属性耐性,3,属性会心,2,,,,,★生産素材未入力,1,,,,,,
ドーベルＸレギンス,0,2,8,1,13,99,0,69,96,-2,0,0,0,5,龍属性攻撃,3,属性耐性,3,属性会心,2,,,,,★生産素材未入力,1,,,,,,
スカラーＸソックス,2,1,8,3,9,99,0,114,156,0,0,0,0,0,回避性能,3,気配,-2,,,,,,,★生産素材未入力,1,,,,,,
スカラーＸサンダル,2,2,8,3,9,99,0,68,95,0,0,0,0,0,回避性能,3,気配,-2,,,,,,,★生産素材未入力,1,,,,,,
マリネロＸソックス,2,1,8,1,9,99,0,114,156,0,0,0,0,0,特殊攻撃,4,連撃,3,達人,2,,,,,★生産素材未入力,1,,,,,,
マリネロＸサンダル,2,2,8,1,9,99,0,68,95,0,0,0,0,0,特殊攻撃,4,速射,3,達人,2,,,,,★生産素材未入力,1,,,,,,
ジャギィＸグリーヴ,0,1,8,1,13,99,0,90,132,-2,0,0,0,0,火属性攻撃,5,体力,2,,,,,,,★生産素材未入力,1,,,,,,
ジャギィＸレギンス,0,2,8,1,13,99,0,52,79,-2,0,0,0,0,火属性攻撃,5,体力,2,,,,,,,★生産素材未入力,1,,,,,,
マッカォＸグリーヴ,0,1,8,2,13,99,0,92,134,-2,0,0,0,0,跳躍,3,KO,1,重撃,1,,,,,★生産素材未入力,1,,,,,,
マッカォＸレギンス,0,2,8,1,13,99,0,53,80,-2,1,1,1,1,跳躍,2,KO,1,重撃,4,,,,,★生産素材未入力,1,,,,,,
ランポスＸグリーヴ,0,1,8,2,13,99,0,92,134,0,0,0,-2,0,気絶,3,攻撃,2,,,,,,,★生産素材未入力,1,,,,,,
ランポスＸレギンス,0,2,8,2,13,99,0,53,80,0,1,1,-2,0,気絶,2,攻撃,2,,,,,,,★生産素材未入力,1,,,,,,
ギアノスＸグリーヴ,0,1,8,3,13,99,0,92,134,0,0,-1,2,0,氷属性攻撃,2,本気,1,,,,,,,★生産素材未入力,1,,,,,,
ギアノスＸレギンス,0,2,8,3,13,99,0,53,80,0,0,-1,3,0,氷属性攻撃,2,本気,1,,,,,,,★生産素材未入力,1,,,,,,
ゲネポスＸグリーヴ,0,1,8,1,9,99,0,94,136,0,0,1,-2,0,雷属性攻撃,6,気配,1,,,,,,,★生産素材未入力,1,,,,,,
ゲネポスＸレギンス,0,2,8,1,9,99,0,54,81,1,0,2,-2,0,雷属性攻撃,6,気配,1,,,,,,,★生産素材未入力,1,,,,,,
ランゴＸグリーヴ,0,1,8,2,9,99,0,94,136,-2,1,1,1,2,特殊攻撃,4,跳躍,2,,,,,,,★生産素材未入力,1,,,,,,
ランゴＸレギンス,0,2,8,2,9,99,0,54,81,-2,2,2,2,3,特殊攻撃,3,跳躍,2,,,,,,,★生産素材未入力,1,,,,,,
タロスＸグリーヴ,0,1,8,2,9,99,0,96,138,-1,-1,-1,-1,4,龍属性攻撃,4,龍耐性,3,,,,,,,★生産素材未入力,1,,,,,,
タロスＸレギンス,0,2,8,2,9,99,0,57,84,-1,-1,-1,-1,6,龍属性攻撃,3,龍耐性,3,,,,,,,★生産素材未入力,1,,,,,,
タロスXRグリーヴ,0,1,8,1,13,99,0,94,136,-1,-1,-1,-1,4,龍属性攻撃,6,龍耐性,5,,,,,,,★生産素材未入力,1,,,,,,
タロスXRレギンス,0,2,8,1,13,99,0,54,81,-1,-1,-1,-1,6,龍属性攻撃,6,龍耐性,5,,,,,,,★生産素材未入力,1,,,,,,
ブナハＸブーツ,0,1,8,1,13,99,0,94,136,-2,0,0,0,2,斬れ味,5,,,,,,,,,★生産素材未入力,1,,,,,,
ブナハＸフット,0,2,8,1,13,99,0,54,81,-2,1,1,1,3,弾薬節約,5,,,,,,,,,★生産素材未入力,1,,,,,,
モスＸフット,0,0,8,0,13,99,0,33,60,0,0,0,0,0,茸食,5,食事,1,,,,,,,★生産素材未入力,1,,,,,,
リノプロＸグリーヴ,0,1,8,1,9,99,0,94,136,2,0,0,-2,0,砲術,3,水属性攻撃,3,,,,,,,★生産素材未入力,1,,,,,,
リノプロＸレギンス,0,2,8,1,9,99,0,54,81,3,0,0,-2,0,砲術,2,水属性攻撃,3,,,,,,,★生産素材未入力,1,,,,,,
ファンゴＸグリーヴ,0,1,8,2,9,99,0,98,140,0,2,-2,1,0,攻撃,5,,,,,,,,,★生産素材未入力,1,,,,,,
ファンゴＸレギンス,0,2,8,2,9,99,0,58,85,0,3,-2,1,0,攻撃,5,,,,,,,,,★生産素材未入力,1,,,,,,
アシラＸグリーヴ,0,1,8,1,9,99,0,100,142,-2,0,-2,0,0,防御,5,体術,2,加護,3,,,,,★生産素材未入力,1,,,,,,
アシラＸレギンス,0,2,8,1,9,99,0,60,87,-2,0,-2,0,0,防御,5,体術,2,加護,3,,,,,★生産素材未入力,1,,,,,,
ガレオスＸグリーヴ,0,1,8,2,13,99,0,100,142,2,0,0,-3,0,水属性攻撃,3,火耐性,1,攻撃,1,,,,,★生産素材未入力,1,,,,,,
ガレオスＸレギンス,0,2,8,2,13,99,0,60,87,2,0,0,-3,0,水属性攻撃,2,火耐性,1,攻撃,1,,,,,★生産素材未入力,1,,,,,,
ドロスＸグリーヴ,0,1,8,2,9,99,0,88,130,-2,4,-1,0,0,節食,3,体術,3,,,,,,,★生産素材未入力,1,,,,,,
ドロスＸレギンス,0,2,8,2,9,99,0,51,78,-2,5,-1,0,0,節食,3,体術,3,,,,,,,★生産素材未入力,1,,,,,,
ランポスーツＸフット,0,1,8,1,13,99,0,84,126,1,2,1,1,1,運気,3,腹減り,-2,,,,,,,★生産素材未入力,1,,,,,,
ランポスーツＸタイツ,0,2,8,1,13,99,0,48,75,1,3,1,1,1,運気,3,腹減り,-2,,,,,,,★生産素材未入力,1,,,,,,
ギアノスーツＸフット,0,1,8,1,13,99,0,88,130,1,1,1,2,1,運気,3,腹減り,-2,,,,,,,★生産素材未入力,1,,,,,,
ギアノスーツＸタイツ,0,2,8,1,13,99,0,51,78,1,1,1,3,1,運気,3,腹減り,-2,,,,,,,★生産素材未入力,1,,,,,,
ゲネポスーツＸフット,0,1,8,1,9,99,0,84,126,1,1,2,1,1,運気,3,腹減り,-2,,,,,,,★生産素材未入力,1,,,,,,
ゲネポスーツＸタイツ,0,2,8,1,9,99,0,48,75,1,1,3,1,1,運気,3,腹減り,-2,,,,,,,★生産素材未入力,1,,,,,,
イーオスーツＸフット,0,1,8,1,9,99,0,88,130,2,1,1,1,1,運気,3,腹減り,-2,,,,,,,★生産素材未入力,1,,,,,,
イーオスーツＸタイツ,0,2,8,1,9,99,0,51,78,3,1,1,1,1,運気,3,腹減り,-2,,,,,,,★生産素材未入力,1,,,,,,
ガブラスーツＸフット,0,1,8,0,9,99,0,84,126,1,1,1,1,2,運気,3,腹減り,-2,,,,,,,★生産素材未入力,1,,,,,,
ガブラスーツＸタイツ,0,2,8,0,9,99,0,48,75,1,1,1,1,3,運気,3,腹減り,-2,,,,,,,★生産素材未入力,1,,,,,,
イーオスＸグリーヴ,0,1,8,0,9,99,0,102,144,2,-1,-1,0,0,毒,5,特殊攻撃,2,,,,,,,★生産素材未入力,1,,,,,,
イーオスＸレギンス,0,2,8,0,9,99,0,61,88,3,-1,-1,0,0,毒,5,特殊攻撃,2,,,,,,,★生産素材未入力,1,,,,,,
クックＸグリーヴ,0,1,8,2,9,99,0,102,144,3,-1,0,-3,0,攻撃,6,防御,-2,,,,,,,★生産素材未入力,1,,,,,,
クックＸレギンス,0,2,8,2,9,99,0,61,88,4,-1,0,-3,0,攻撃,6,防御,-2,,,,,,,★生産素材未入力,1,,,,,,
ケチャＸグリーヴ,0,1,8,2,9,99,0,100,142,-2,2,-1,0,1,体術,4,回避距離,2,笛,2,,,,,★生産素材未入力,1,,,,,,
ケチャＸレギンス,0,2,8,2,9,99,0,60,87,-2,3,-1,0,1,体術,4,回避距離,2,調合数,2,,,,,★生産素材未入力,1,,,,,,
ウルクＸグリーヴ,0,1,8,1,9,99,0,98,140,-3,1,0,3,0,回避性能,4,スタミナ,4,,,,,,,★生産素材未入力,1,,,,,,
ウルクＸレギンス,0,2,8,1,9,99,0,58,85,-3,1,0,4,0,回避性能,4,スタミナ,4,,,,,,,★生産素材未入力,1,,,,,,
ゲリョスＸグリーヴ,0,1,8,2,9,99,0,102,144,-3,1,4,-1,0,スタミナ,4,防御,2,,,,,,,★生産素材未入力,1,,,,,,
ゲリョスＸレギンス,0,2,8,2,9,99,0,61,88,-3,1,5,-1,0,スタミナ,4,防御,2,,,,,,,★生産素材未入力,1,,,,,,
カブラＸグリーヴ,0,1,8,2,9,99,0,102,144,2,-3,-1,0,1,抜刀減気,1,耐震,4,気力回復,3,,,,,★生産素材未入力,1,,,,,,
カブラＸレギンス,0,2,8,2,9,99,0,61,88,3,-3,-1,0,1,射法,1,耐震,3,気力回復,3,,,,,★生産素材未入力,1,,,,,,
ザザミＸグリーヴ,0,1,8,3,9,99,0,104,146,-1,3,-3,0,1,ガード性能,1,斬れ味,1,,,,,,,★生産素材未入力,1,,,,,,
ザザミＸレギンス,0,2,8,3,9,99,0,62,89,-1,4,-3,0,1,反動,1,射法,1,,,,,,,★生産素材未入力,1,,,,,,
GXザザミグリーヴ,0,1,8,0,9,99,0,108,150,-1,3,-3,0,1,胴系統倍加,0,,,,,,,,,★生産素材未入力,1,,,,,,
GXザザミレギンス,0,2,8,0,9,99,0,64,91,-1,4,-3,0,1,胴系統倍加,0,,,,,,,,,★生産素材未入力,1,,,,,,
ザザミXRグリーヴ,0,1,8,0,10,99,0,102,144,-1,3,-3,0,1,ガード性能,7,体術,-5,,,,,,,★生産素材未入力,1,,,,,,
ザザミXRレギンス,0,2,8,0,10,99,0,61,88,-1,4,-3,0,1,反動,7,装填速度,-5,,,,,,,★生産素材未入力,1,,,,,,
ラングロＸグリーヴ,0,1,8,2,10,99,0,102,144,2,-3,0,-1,1,溜め短縮,2,体術,3,,,,,,,★生産素材未入力,1,,,,,,
ラングロＸレギンス,0,2,8,2,10,99,0,61,88,3,-3,0,-1,1,溜め短縮,1,体術,3,,,,,,,★生産素材未入力,1,,,,,,
コンガＸグリーヴ,0,1,8,1,10,99,0,104,146,-3,1,1,-1,0,攻撃,5,食いしん坊,2,細菌学,2,,,,,★生産素材未入力,1,,,,,,
コンガＸレギンス,0,2,8,1,10,99,0,62,89,-2,1,1,-1,0,攻撃,4,食いしん坊,2,細菌学,2,,,,,★生産素材未入力,1,,,,,,
GXコンガグリーヴ,0,1,8,1,10,99,0,110,152,-3,1,1,-1,0,攻撃,3,茸食,2,特殊攻撃,2,,,,,★生産素材未入力,1,,,,,,
GXコンガレギンス,0,2,8,1,10,99,0,66,93,-2,1,1,-1,0,攻撃,2,茸食,2,特殊攻撃,2,,,,,★生産素材未入力,1,,,,,,
ルドロスＸグリーヴ,0,1,8,1,9,99,0,102,144,-3,4,-1,0,0,気力回復,1,スタミナ,3,水属性攻撃,1,,,,,★生産素材未入力,1,,,,,,
ルドロスＸレギンス,0,2,8,1,9,99,0,61,88,-3,5,-1,0,0,気力回復,1,スタミナ,3,水属性攻撃,1,,,,,★生産素材未入力,1,,,,,,
ルドロスXRグリーヴ,0,1,8,0,13,99,0,100,142,-3,4,-1,0,0,スタミナ,8,腹減り,5,,,,,,,★生産素材未入力,1,,,,,,
ルドロスXRレギンス,0,2,8,0,13,99,0,60,87,-3,5,-1,0,0,スタミナ,8,腹減り,5,,,,,,,★生産素材未入力,1,,,,,,
ボロスＸグリーヴ,0,1,8,2,10,99,0,106,148,0,0,1,-2,0,攻撃,3,ガード性能,2,だるま,2,,,,,★生産素材未入力,1,,,,,,
ボロスＸレギンス,0,2,8,2,10,99,0,63,90,0,0,1,-2,0,攻撃,3,変則射撃,2,だるま,2,,,,,★生産素材未入力,1,,,,,,
バサルＸグリーヴ,0,1,8,1,10,99,0,108,150,0,-2,1,1,-3,重撃,3,防御,5,減気攻撃,2,,,,,★生産素材未入力,1,,,,,,
バサルＸレギンス,0,2,8,1,10,99,0,64,91,0,-2,1,1,-2,重撃,3,防御,5,減気攻撃,2,,,,,★生産素材未入力,1,,,,,,
ホロロＸグリーヴ,0,1,8,2,10,99,0,102,144,-2,-2,1,1,0,痛撃,2,観察眼,2,特殊攻撃,3,,,,,★生産素材未入力,1,,,,,,
ホロロＸレギンス,0,2,8,2,10,99,0,61,88,-1,-2,1,1,0,痛撃,1,観察眼,2,特殊攻撃,3,,,,,★生産素材未入力,1,,,,,,
ザボアＸグリーヴ,0,1,8,2,10,99,0,102,144,-2,3,-4,4,0,ガード性能,1,寒冷適応,2,砲術,2,,,,,★生産素材未入力,1,,,,,,
ザボアＸレギンス,0,2,8,2,10,99,0,61,88,-2,3,-4,5,0,反動,1,寒冷適応,2,砲術,2,,,,,★生産素材未入力,1,,,,,,
フルフルＸグリーヴ,0,1,8,1,10,99,0,108,150,-4,1,4,2,1,回復速度,4,回復量,2,加護,2,,,,,★生産素材未入力,1,,,,,,
フルフルＸレギンス,0,2,8,1,10,99,0,64,91,-4,1,5,2,1,回復速度,4,回復量,2,加護,2,,,,,★生産素材未入力,1,,,,,,
スキュラＸグリーヴ,0,1,8,2,10,99,0,110,152,0,2,-2,1,2,特殊攻撃,3,体術,3,職工,2,,,,,★生産素材未入力,1,,,,,,
スキュラＸレギンス,0,2,8,2,10,99,0,66,93,0,2,-2,1,3,特殊攻撃,3,体術,3,職工,2,,,,,★生産素材未入力,1,,,,,,
レイアＸグリーヴ,0,1,8,2,10,99,0,112,154,3,0,-2,0,-3,回復量,3,体力,2,走行継続,2,,,,,★生産素材未入力,1,,,,,,
レイアＸレギンス,0,2,8,2,10,99,0,67,94,4,0,-2,0,-3,回復量,3,体力,2,走行継続,2,,,,,★生産素材未入力,1,,,,,,
GXレイアグリーヴ,0,1,8,2,13,99,0,118,160,3,0,-2,0,-3,回復量,3,節食,3,,,,,,,★生産素材未入力,1,,,,,,
GXレイアレギンス,0,2,8,2,13,99,0,70,97,4,0,-2,0,-3,回復量,3,節食,3,,,,,,,★生産素材未入力,1,,,,,,
レイアXRグリーヴ,0,1,8,1,13,99,0,106,148,3,0,-2,0,-3,回復量,8,,,,,,,,,★生産素材未入力,1,,,,,,
レイアXRレギンス,0,2,8,1,13,99,0,63,90,4,0,-2,0,-3,回復量,8,,,,,,,,,★生産素材未入力,1,,,,,,
ハプルＸグリーヴ,0,1,8,2,10,99,0,112,154,2,0,-1,-3,1,食事,3,抜刀減気,1,納刀,2,,,,,★生産素材未入力,1,,,,,,
ハプルＸレギンス,0,2,8,1,10,99,0,67,94,3,0,-1,-3,1,食事,4,装填速度,4,,,,,,,★生産素材未入力,1,,,,,,
ガノスＸグリーヴ,0,1,8,1,10,99,0,114,156,-2,4,-4,2,1,乗り,2,跳躍,4,捕獲,2,気力回復,3,,,★生産素材未入力,1,,,,,,
ガノスＸレギンス,0,2,8,1,10,99,0,68,95,-2,5,-4,2,1,乗り,2,跳躍,4,捕獲,2,気力回復,3,,,★生産素材未入力,1,,,,,,
ブランゴＸグリーヴ,0,1,8,2,10,99,0,108,150,-4,1,0,4,0,氷属性攻撃,6,納刀,2,,,,,,,★生産素材未入力,1,,,,,,
ブランゴＸレギンス,0,2,8,2,10,99,0,64,91,-4,1,0,5,0,氷属性攻撃,6,納刀,2,,,,,,,★生産素材未入力,1,,,,,,
ラヴァＸグリーヴ,0,1,8,2,13,99,0,114,156,4,-4,0,0,1,根性,2,攻撃,4,,,,,,,★生産素材未入力,1,,,,,,
ラヴァＸレギンス,0,2,8,2,13,99,0,68,95,5,-4,0,0,1,根性,2,攻撃,4,,,,,,,★生産素材未入力,1,,,,,,
GXラヴァグリーヴ,0,1,8,2,13,99,0,120,162,4,-4,0,0,1,逆境,2,我慢,2,,,,,,,★生産素材未入力,1,,,,,,
GXラヴァレギンス,0,2,8,2,13,99,0,72,99,5,-4,0,0,1,逆境,2,我慢,2,,,,,,,★生産素材未入力,1,,,,,,
ギザミＸグリーヴ,0,1,8,2,10,99,0,110,152,1,2,-1,-1,0,斬れ味,1,達人,5,,,,,,,★生産素材未入力,1,,,,,,
ギザミＸレギンス,0,2,8,2,10,99,0,66,93,2,2,-1,-1,0,弾薬節約,1,達人,5,,,,,,,★生産素材未入力,1,,,,,,
ギザミXRグリーヴ,0,1,8,1,13,99,0,104,146,1,2,-1,-1,0,匠,3,達人,2,,,,,,,★生産素材未入力,1,,,,,,
ギザミXRレギンス,0,2,8,1,13,99,0,62,89,2,2,-1,-1,0,通常弾強化,3,達人,2,,,,,,,★生産素材未入力,1,,,,,,
ガララＸグリーヴ,0,1,8,2,10,99,0,112,154,1,-1,0,-3,1,捕獲,3,麻痺,3,,,,,,,★生産素材未入力,1,,,,,,
ガララＸレギンス,0,2,8,2,10,99,0,67,94,1,-1,1,-3,1,捕獲,3,麻痺,3,,,,,,,★生産素材未入力,1,,,,,,
ナルガＸグリーヴ,0,1,8,1,10,99,0,100,142,-2,1,-3,1,1,回避距離,4,回避性能,2,,,,,,,★生産素材未入力,1,,,,,,
ナルガＸレギンス,0,2,8,1,10,99,0,60,87,-2,1,-2,1,1,回避距離,4,回避性能,2,,,,,,,★生産素材未入力,1,,,,,,
ガルルガＸグリーヴ,0,1,8,1,11,99,0,116,158,2,-1,2,0,0,聴覚保護,3,採取,-3,納刀研磨,4,,,,,★生産素材未入力,1,,,,,,
ガルルガＸレギンス,0,2,8,1,11,99,0,69,96,3,-1,2,0,0,聴覚保護,3,採取,-3,速射,4,,,,,★生産素材未入力,1,,,,,,
ガンキンＸグリーヴ,0,1,8,2,11,99,0,126,168,3,-4,0,-1,-2,抜刀減気,3,防御,3,攻撃,2,,,,,★生産素材未入力,1,,,,,,
ガンキンＸレギンス,0,2,8,2,11,99,0,75,102,4,-4,0,-1,-2,散弾強化,3,防御,3,攻撃,2,,,,,★生産素材未入力,1,,,,,,
GXホクシン【袴】,0,1,8,2,9,99,0,118,160,-2,4,-2,3,2,北辰納豆流,3,,,,,,,,,★生産素材未入力,1,,,,,,
GXカイエン【袴】,0,2,8,2,9,99,0,70,97,-2,5,-2,3,2,北辰納豆流,3,,,,,,,,,★生産素材未入力,1,,,,,,
ダークメタルＸブーツ,0,1,8,0,13,99,0,116,158,0,-1,0,-1,5,特殊攻撃,9,,,,,,,,,★生産素材未入力,1,,,,,,
ダークメタルＸフット,0,2,8,0,13,99,0,69,96,0,-1,0,-1,6,特殊攻撃,9,,,,,,,,,★生産素材未入力,1,,,,,,
クロムメタルＸブーツ,0,1,8,0,13,99,0,110,152,-2,-2,-2,-2,4,属性攻撃,9,,,,,,,,,★生産素材未入力,1,,,,,,
クロムメタルＸフット,0,2,8,0,13,99,0,66,93,-2,-2,-2,-2,5,属性攻撃,9,,,,,,,,,★生産素材未入力,1,,,,,,
ヘルパーＸソックス,2,1,9,1,99,10,0,122,160,0,0,0,0,0,広域,3,回復量,3,ＳＰ延長,3,,,,,★生産素材未入力,1,,,,,,
ヒーラーＸソックス,2,2,9,1,99,10,0,73,97,0,0,0,0,0,広域,3,回復量,3,ＳＰ延長,3,,,,,★生産素材未入力,1,,,,,,
ヘルパーＺソックス,2,1,9,0,99,10,0,124,162,0,0,0,0,0,広域,3,重撃,3,観察眼,3,野草知識,5,,,★生産素材未入力,1,,,,,,
ヒーラーＺソックス,2,2,9,0,99,10,0,74,98,0,0,0,0,0,回復量,2,重撃,3,千里眼,4,茸食,5,,,★生産素材未入力,1,,,,,,
マスターＸグリーヴ,0,1,9,1,13,99,0,116,154,2,-2,2,-2,2,無心,2,英雄の盾,2,加護,2,剛撃,2,,,★生産素材未入力,1,,,,,,
マスターＸレギンス,0,2,9,1,13,99,0,69,93,3,-2,2,-2,2,無心,2,英雄の盾,2,加護,2,剛撃,2,,,★生産素材未入力,1,,,,,,
桐花・真【具足】,0,1,9,2,13,99,0,128,166,-2,2,2,2,-2,連撃,2,会心強化,2,属性会心,2,気力回復,2,,,★生産素材未入力,1,,,,,,
三葵・真【具足】,0,2,9,2,13,99,0,76,100,-2,2,3,2,-2,連撃,2,会心強化,2,属性会心,2,気力回復,2,,,★生産素材未入力,1,,,,,,
ヘリオスＸグリーヴ,1,1,9,1,12,99,0,128,166,0,3,-2,1,-3,聴覚保護,3,連撃,1,属性攻撃,1,加護,-2,,,★生産素材未入力,1,,,,,,
ヘリオスＸレギンス,1,2,9,1,12,99,0,76,100,0,4,-2,1,-3,聴覚保護,2,連撃,1,属性攻撃,1,加護,-2,,,★生産素材未入力,1,,,,,,
セレネＸグリーヴ,2,1,9,1,12,99,0,128,166,0,3,-2,1,-3,聴覚保護,3,連撃,1,属性攻撃,1,加護,-2,,,★生産素材未入力,1,,,,,,
セレネＸレギンス,2,2,9,1,12,99,0,76,100,0,4,-2,1,-3,聴覚保護,2,連撃,1,属性攻撃,1,加護,-2,,,★生産素材未入力,1,,,,,,
リチェルカブーツ,2,1,9,1,13,99,0,112,150,0,0,0,0,0,捕獲,3,調合成功率,3,調合数,2,広域,3,,,★生産素材未入力,1,,,,,,
リチェルカタイツ,2,2,9,1,13,99,0,67,91,0,0,0,0,0,捕獲,2,調合成功率,3,調合数,2,広域,3,,,★生産素材未入力,1,,,,,,
チアフルＸブーツ,2,1,9,1,13,99,0,116,154,0,0,0,0,0,納刀研磨,3,体力,3,本気,2,,,,,★生産素材未入力,1,,,,,,
チアフルＸフット,2,2,9,1,13,99,0,69,93,0,0,0,0,0,射法,3,体力,3,本気,2,,,,,★生産素材未入力,1,,,,,,
ベリオＸグリーヴ,0,1,9,2,11,99,0,116,154,-3,0,-1,3,0,跳躍,2,達人,3,回避性能,2,,,,,★生産素材未入力,1,,,,,,
ベリオＸレギンス,0,2,9,2,11,99,0,69,93,-3,0,-1,4,0,跳躍,2,達人,3,回避性能,2,,,,,★生産素材未入力,1,,,,,,
セルタスＸグリーヴ,0,1,9,1,11,99,0,122,160,-3,4,-2,-2,5,砲術,2,英雄の盾,3,ガード性能,2,,,,,★生産素材未入力,1,,,,,,
セルタスＸレギンス,0,2,9,1,11,99,0,73,97,-3,4,-2,-2,6,砲術,2,英雄の盾,3,ガード性能,2,,,,,★生産素材未入力,1,,,,,,
レウスＸグリーヴ,0,1,9,2,11,99,0,120,158,4,0,-2,0,-4,攻撃,4,聴覚保護,1,,,,,,,★生産素材未入力,1,,,,,,
レウスＸレギンス,0,2,9,2,11,99,0,72,96,5,0,-2,0,-4,攻撃,4,聴覚保護,1,,,,,,,★生産素材未入力,1,,,,,,
GXレウスグリーヴ,0,1,9,1,13,99,0,124,162,4,0,-2,0,-4,底力,5,痛撃,3,,,,,,,★生産素材未入力,1,,,,,,
GXレウスレギンス,0,2,9,1,13,99,0,74,98,5,0,-2,0,-4,底力,5,痛撃,3,,,,,,,★生産素材未入力,1,,,,,,
レウスXRグリーヴ,0,1,9,1,13,99,0,116,154,4,0,-2,0,-4,痛撃,6,攻撃,2,,,,,,,★生産素材未入力,1,,,,,,
レウスXRレギンス,0,2,9,1,13,99,0,69,93,5,0,-2,0,-4,痛撃,5,攻撃,2,,,,,,,★生産素材未入力,1,,,,,,
ラギアＸグリーヴ,0,1,9,1,11,99,0,120,158,-3,2,4,-1,-2,気力回復,2,ガード性能,3,属性攻撃,2,,,,,★生産素材未入力,1,,,,,,
ラギアＸレギンス,0,2,9,1,11,99,0,72,96,-3,2,5,-1,-2,気力回復,2,貫通弾強化,3,属性攻撃,2,,,,,★生産素材未入力,1,,,,,,
ジンオウＸグリーヴ,0,1,9,1,11,99,0,120,158,0,-1,4,-4,1,本気,5,達人,2,属性会心,2,,,,,★生産素材未入力,1,,,,,,
ジンオウＸレギンス,0,2,9,1,11,99,0,72,96,0,-1,5,-4,1,本気,5,達人,3,,,,,,,★生産素材未入力,1,,,,,,
GXジンオウグリーヴ,0,1,9,1,13,99,0,124,162,0,-1,4,-4,1,本気,4,連撃,2,体術,1,,,,,★生産素材未入力,1,,,,,,
GXジンオウレギンス,0,2,9,1,13,99,0,74,98,0,-1,5,-4,1,本気,3,連撃,2,体術,1,,,,,★生産素材未入力,1,,,,,,
グラビドＸグリーヴ,0,1,9,2,11,99,0,120,158,3,-3,1,0,-2,攻撃,1,ガード性能,2,盾持,3,,,,,★生産素材未入力,1,,,,,,
グラビドＸレギンス,0,2,9,2,11,99,0,72,96,4,-3,1,0,-2,攻撃,1,反動,2,盾持,3,,,,,★生産素材未入力,1,,,,,,
ミツネＸグリーヴ,0,1,9,1,11,99,0,118,156,0,2,-3,1,-1,泡沫,2,腹減り,4,窮地,1,,,,,★生産素材未入力,1,,,,,,
ミツネＸレギンス,0,2,9,1,11,99,0,70,94,0,2,-2,1,-1,泡沫,2,腹減り,4,窮地,1,,,,,★生産素材未入力,1,,,,,,
ゼクスＸグリーヴ,0,1,9,2,11,99,0,120,158,0,-2,3,-3,2,連撃,1,気絶,4,気力回復,2,,,,,★生産素材未入力,1,,,,,,
ゼクスＸレギンス,0,2,9,2,11,99,0,72,96,0,-2,4,-3,2,連撃,1,気絶,4,気力回復,2,,,,,★生産素材未入力,1,,,,,,
ガムートＸグリーヴ,0,1,9,1,11,99,0,124,162,-3,1,-1,3,2,寒冷適応,2,裏会心,4,重撃,2,,,,,★生産素材未入力,1,,,,,,
ガムートＸレギンス,0,2,9,1,11,99,0,74,98,-3,1,-1,4,2,寒冷適応,2,裏会心,4,重撃,2,,,,,★生産素材未入力,1,,,,,,
ディノＸグリーヴ,0,1,9,2,11,99,0,122,160,3,-3,1,0,-1,研磨術,1,匠,3,,,,,,,★生産素材未入力,1,,,,,,
ディノＸレギンス,0,2,9,2,11,99,0,73,97,4,-3,1,0,-1,研磨術,1,射法,2,装填数,3,,,,,★生産素材未入力,1,,,,,,
アグナＸグリーヴ,0,1,9,1,12,99,0,122,160,4,-4,0,-1,0,炎熱適応,2,ガード性能,4,ガード強化,3,,,,,★生産素材未入力,1,,,,,,
アグナＸレギンス,0,2,9,1,12,99,0,73,97,6,-4,0,-1,0,炎熱適応,2,反動,4,ガード強化,3,,,,,★生産素材未入力,1,,,,,,
ゴアＸグリーヴ,0,1,9,1,11,99,0,122,160,-2,2,-1,2,-2,回避性能,4,体術,3,,,,,,,★生産素材未入力,1,,,,,,
ゴアＸレギンス,0,2,9,1,11,99,0,73,97,-2,3,-1,2,-2,回避性能,4,体術,3,,,,,,,★生産素材未入力,1,,,,,,
GXゴアグリーヴ,0,1,9,2,13,99,0,126,164,-2,2,-1,2,-2,細菌学,4,我慢,2,,,,,,,★生産素材未入力,1,,,,,,
GXゴアレギンス,0,2,9,2,13,99,0,75,99,-2,3,-1,2,-2,細菌学,4,我慢,2,,,,,,,★生産素材未入力,1,,,,,,
ゴアXRグリーヴ,0,1,9,1,13,99,0,116,154,-2,2,-1,2,-2,闘魂,8,,,,,,,,,★生産素材未入力,1,,,,,,
ゴアXRレギンス,0,2,9,1,13,99,0,69,93,-2,3,-1,2,-2,闘魂,8,,,,,,,,,★生産素材未入力,1,,,,,,
レギオスＸグリーヴ,0,1,9,1,12,99,0,120,158,2,0,-3,-2,0,抜刀会心,1,体術,5,刃鱗,2,,,,,★生産素材未入力,1,,,,,,
レギオスＸレギンス,0,2,9,1,12,99,0,72,96,4,0,-3,-2,0,射法,1,体術,5,刃鱗,2,,,,,★生産素材未入力,1,,,,,,
ドボルＸグリーヴ,0,1,9,2,12,99,0,126,164,-3,2,1,-2,1,溜め短縮,3,剛腕,2,,,,,,,★生産素材未入力,1,,,,,,
ドボルＸレギンス,0,2,9,2,12,99,0,75,99,-2,2,1,-2,1,溜め短縮,3,剛腕,2,,,,,,,★生産素材未入力,1,,,,,,
レックスＸグリーヴ,0,1,9,2,12,99,0,124,162,2,0,-3,0,-2,食事,2,聴覚保護,3,無傷,1,,,,,★生産素材未入力,1,,,,,,
レックスＸレギンス,0,2,9,2,12,99,0,74,98,4,0,-3,0,-2,食事,2,聴覚保護,3,無傷,1,,,,,★生産素材未入力,1,,,,,,
GXレックスグリーヴ,0,1,9,2,13,99,0,126,164,2,0,-3,0,-2,食事,1,逆上,3,肉食,2,,,,,★生産素材未入力,1,,,,,,
GXレックスレギンス,0,2,9,2,13,99,0,75,99,4,0,-3,0,-2,食事,1,逆上,3,肉食,2,,,,,★生産素材未入力,1,,,,,,
レックスXRグリーヴ,0,1,9,1,13,99,0,120,158,2,0,-3,0,-2,聴覚保護,7,,,,,,,,,★生産素材未入力,1,,,,,,
レックスXRレギンス,0,2,9,1,13,99,0,72,96,4,0,-3,0,-2,聴覚保護,7,,,,,,,,,★生産素材未入力,1,,,,,,
ディアブロＸグリーヴ,0,1,9,1,12,99,0,124,162,3,-1,-1,-3,-1,抜刀会心,2,闘魂,2,重撃,2,,,,,★生産素材未入力,1,,,,,,
ディアブロＸレギンス,0,2,9,1,12,99,0,74,98,3,0,0,-3,0,装填速度,2,闘魂,2,重撃,2,,,,,★生産素材未入力,1,,,,,,
ディアブロXRグリーヴ,0,1,9,1,13,99,0,118,156,3,-1,-1,-3,-1,抜刀減気,8,,,,,,,,,★生産素材未入力,1,,,,,,
ディアブロXRレギンス,0,2,9,1,13,99,0,70,94,3,0,0,-3,0,変則射撃,8,,,,,,,,,★生産素材未入力,1,,,,,,
キリンＸレガース,0,1,9,1,11,99,0,124,162,-1,-1,3,0,2,属性攻撃,3,加護,2,スタミナ,2,属性会心,2,,,★生産素材未入力,1,,,,,,
キリンＸブーツ,0,2,9,1,11,99,0,74,98,-1,-1,4,0,2,属性攻撃,3,加護,2,スタミナ,2,属性会心,2,,,★生産素材未入力,1,,,,,,
ブラキＸグリーヴ,0,1,9,2,12,99,0,126,164,2,-4,0,-2,0,闘魂,2,細菌学,4,,,,,,,★生産素材未入力,1,,,,,,
ブラキＸレギンス,0,2,9,2,12,99,0,75,99,2,-3,0,-2,0,闘魂,2,細菌学,3,,,,,,,★生産素材未入力,1,,,,,,
GXブラキグリーヴ,0,1,9,2,13,99,0,130,168,2,-4,0,-2,0,爆弾強化,5,匠,2,,,,,,,★生産素材未入力,1,,,,,,
GXブラキレギンス,0,2,9,2,13,99,0,78,102,2,-3,0,-2,0,爆弾強化,5,速射,2,,,,,,,★生産素材未入力,1,,,,,,
アークＸグリーヴ,1,1,9,1,12,99,0,130,168,-2,2,0,2,-4,潔癖,1,匠,4,節食,2,,,,,★生産素材未入力,1,,,,,,
アークＸレギンス,1,2,9,2,12,99,0,78,102,-2,2,0,2,-3,潔癖,1,通常弾強化,4,節食,2,,,,,★生産素材未入力,1,,,,,,
フィリアＸグリーヴ,2,1,9,1,12,99,0,130,168,-2,2,0,2,-4,潔癖,1,匠,4,節食,2,,,,,★生産素材未入力,1,,,,,,
フィリアＸレギンス,2,2,9,2,12,99,0,78,102,-2,2,0,2,-3,潔癖,1,通常弾強化,4,節食,2,,,,,★生産素材未入力,1,,,,,,
GXアークグリーヴ,1,1,9,2,13,99,0,132,170,-2,2,0,2,-4,チャンス,2,ガード性能,4,節食,2,,,,,★生産素材未入力,1,,,,,,
GXアークレギンス,1,2,9,2,13,99,0,79,103,-2,2,0,2,-3,チャンス,2,反動,4,節食,2,,,,,★生産素材未入力,1,,,,,,
GXフィリアグリーヴ,2,1,9,2,13,99,0,132,170,-2,2,0,2,-4,チャンス,2,ガード性能,4,節食,2,,,,,★生産素材未入力,1,,,,,,
GXフィリアレギンス,2,2,9,2,13,99,0,79,103,-2,2,0,2,-3,チャンス,2,反動,4,節食,2,,,,,★生産素材未入力,1,,,,,,
バルクＸグリーヴ,0,1,9,1,11,99,0,134,172,-2,-2,-2,-2,3,龍気,3,走行継続,2,攻撃,3,窮地,2,,,★生産素材未入力,1,,,,,,
バルクＸレギンス,0,2,9,1,11,99,0,80,104,-2,-2,-2,-2,4,龍気,3,走行継続,2,攻撃,3,窮地,2,,,★生産素材未入力,1,,,,,,
斉天ノ具足・真,0,1,9,1,12,99,0,120,158,2,1,3,-5,2,無心,2,攻撃,3,気配,-2,逆上,2,,,★生産素材未入力,1,,,,,,
仙師ノ具足・真,0,2,9,1,12,99,0,72,96,2,1,3,-4,2,無心,2,攻撃,3,気配,2,無傷,2,,,★生産素材未入力,1,,,,,,
バンギスＸグリーヴ,0,1,9,1,12,99,0,128,166,0,0,-4,0,-4,痛撃,2,重撃,2,食欲,2,,,,,★生産素材未入力,1,,,,,,
バンギスＸレギンス,0,2,9,1,12,99,0,76,100,0,0,-3,0,-4,痛撃,2,重撃,2,食欲,2,,,,,★生産素材未入力,1,,,,,,
ケイオスグリーヴ,1,1,9,2,13,99,0,126,164,-3,3,-1,2,-3,剛撃,2,攻撃,1,狂撃耐性,1,運気,-2,,,★生産素材未入力,1,,,,,,
ケイオスレギンス,1,2,9,2,13,99,0,75,99,-2,3,-1,2,-3,剛撃,2,攻撃,1,狂撃耐性,1,運気,-2,,,★生産素材未入力,1,,,,,,
ネフィリムグリーヴ,2,1,9,2,13,99,0,126,164,-3,3,-1,2,-3,剛撃,2,攻撃,1,狂撃耐性,1,運気,-2,,,★生産素材未入力,1,,,,,,
ネフィリムレギンス,2,2,9,2,13,99,0,75,99,-2,3,-1,2,-3,剛撃,2,攻撃,1,狂撃耐性,1,運気,-2,,,★生産素材未入力,1,,,,,,
クロオビＸグリーヴ,0,1,9,0,13,99,0,120,158,3,3,3,3,3,胴系統倍加,0,,,,,,,,,★生産素材未入力,1,,,,,,
クロオビＸレギンス,0,2,9,0,13,99,0,72,96,3,3,3,3,4,胴系統倍加,0,,,,,,,,,★生産素材未入力,1,,,,,,
ブラックＸフット,0,1,9,1,13,99,0,124,162,2,2,2,2,-5,属性耐性,1,溜め短縮,2,抜刀会心,2,居合,2,,,★生産素材未入力,1,,,,,,
ブラックＸレグス,0,2,9,1,13,99,0,74,98,2,2,2,3,-5,属性耐性,1,溜め短縮,1,貫通弾強化,2,潔癖,2,,,★生産素材未入力,1,,,,,,
ダマスクXRグリーヴ,0,1,9,1,13,99,0,114,152,-1,2,-3,1,-1,無心,6,,,,,,,,,★生産素材未入力,1,,,,,,
ダマスクXRレギンス,0,2,9,1,13,99,0,68,92,-1,2,-3,1,-1,無心,6,,,,,,,,,★生産素材未入力,1,,,,,,
クシャナＸペイル,0,1,10,1,13,99,0,132,170,-1,2,-2,3,-3,対炎龍,2,匠,3,納刀研磨,2,,,,,★生産素材未入力,1,,,,,,
クシャナＸハディ,0,2,10,1,13,99,0,79,103,-1,2,-2,5,-3,対炎龍,2,速射,2,弾薬節約,2,,,,,★生産素材未入力,1,,,,,,
GXクシャナペイル,0,1,10,2,13,99,0,134,172,-1,2,-2,3,-3,ガード性能,3,連撃,3,回避性能,1,,,,,★生産素材未入力,1,,,,,,
GXクシャナハディ,0,2,10,2,13,99,0,80,104,-1,2,-2,5,-3,装填速度,3,連撃,3,回避性能,1,,,,,★生産素材未入力,1,,,,,,
クシャナXRペイル,0,1,10,2,12,99,0,126,164,-1,2,-2,3,-3,炎熱適応,5,匠,3,毒,-2,,,,,★生産素材未入力,1,,,,,,
クシャナXRハディ,0,2,10,1,12,99,0,75,99,-1,2,-2,5,-3,炎熱適応,5,装填数,3,毒,-2,,,,,★生産素材未入力,1,,,,,,
ミヅハ真【具足】,0,1,10,0,13,99,0,124,162,-5,1,0,2,-3,対鋼龍,3,聴覚保護,3,特殊攻撃,2,,,,,★生産素材未入力,1,,,,,,
トヨタマ真【具足】,0,2,10,0,13,99,0,74,98,-4,1,0,2,-3,対鋼龍,3,聴覚保護,3,特殊攻撃,2,,,,,★生産素材未入力,1,,,,,,
カイザーＸグリーヴ,0,1,10,1,13,99,0,128,166,4,-4,1,-1,-3,闘魂,3,気力回復,2,対霞龍,2,,,,,★生産素材未入力,1,,,,,,
カイザーＸレギンス,0,2,10,1,13,99,0,76,100,4,-3,1,-1,-3,闘魂,3,気力回復,2,対霞龍,2,,,,,★生産素材未入力,1,,,,,,
Ｓ・ソルＺグリーヴ,0,1,10,1,13,99,0,130,168,2,-5,-4,0,4,痛撃,3,会心強化,2,闘魂,2,,,,,★生産素材未入力,1,,,,,,
Ｓ・ソルＺレギンス,0,2,10,1,13,99,0,78,102,2,-5,-4,0,4,痛撃,3,会心強化,2,闘魂,2,,,,,★生産素材未入力,1,,,,,,
GXＳ・ソルグリーヴ,0,1,10,1,13,99,0,132,170,2,-5,-4,0,4,剥ぎ取り,3,護石収集,2,納刀,2,,,,,★生産素材未入力,1,,,,,,
GXＳ・ソルレギンス,0,2,10,1,13,99,0,79,103,2,-5,-4,0,4,剥ぎ取り,3,護石収集,2,納刀,2,,,,,★生産素材未入力,1,,,,,,
Ｓ・ソルXRグリーヴ,0,1,10,0,13,99,0,126,164,2,-5,-4,0,4,匠,5,会心強化,2,,,,,,,★生産素材未入力,1,,,,,,
Ｓ・ソルXRレギンス,0,2,10,0,13,99,0,75,99,2,-5,-4,0,4,装填数,5,会心強化,2,,,,,,,★生産素材未入力,1,,,,,,
GXＧ・ルナグリーヴ,0,1,10,0,13,99,0,130,168,2,-4,-6,0,4,運気,4,護石収集,2,効果持続,2,,,,,★生産素材未入力,1,,,,,,
GXＧ・ルナレギンス,0,2,10,0,13,99,0,78,102,2,-4,-5,0,4,運気,4,護石収集,2,効果持続,2,,,,,★生産素材未入力,1,,,,,,
グリードＺグリーヴ,0,1,10,1,13,99,0,132,170,-2,-2,-5,-2,-2,斬れ味,2,匠,3,盾持,2,,,,,★生産素材未入力,1,,,,,,
グリードＺレギンス,0,2,10,2,13,99,0,79,103,-2,-2,-4,-2,-2,射法,2,通常弾強化,2,盾持,2,,,,,★生産素材未入力,1,,,,,,
グリードXRグリーヴ,0,1,10,3,13,99,0,128,166,-2,-2,-5,-2,-2,匠,5,,,,,,,,,★生産素材未入力,1,,,,,,
グリードXRレギンス,0,2,10,3,13,99,0,76,100,-2,-2,-4,-2,-2,通常弾強化,5,,,,,,,,,★生産素材未入力,1,,,,,,
暁丸【具足】,1,1,10,1,13,99,0,120,158,-2,2,0,2,-3,斬術,2,回避距離,2,底力,2,,,,,★生産素材未入力,1,,,,,,
曙丸【具足】,1,2,10,1,13,99,0,72,96,-1,2,0,2,-2,裏稼業,2,溜め短縮,2,底力,2,,,,,★生産素材未入力,1,,,,,,
凛【袴】,2,1,10,1,13,99,0,120,158,-2,2,0,2,-3,斬術,2,回避距離,2,底力,2,,,,,★生産素材未入力,1,,,,,,
艶【袴】,2,2,10,1,13,99,0,72,96,-1,2,0,2,-2,裏稼業,2,溜め短縮,2,底力,2,,,,,★生産素材未入力,1,,,,,,
暁丸戦流【具足】,1,1,10,0,13,99,0,116,154,-2,2,0,2,-3,底力,2,回避性能,7,,,,,,,★生産素材未入力,1,,,,,,
曙丸戦流【具足】,1,2,10,0,13,99,0,69,93,-1,2,0,2,-2,痛撃,2,体術,7,,,,,,,★生産素材未入力,1,,,,,,
凛戦流【袴】,2,1,10,0,13,99,0,116,154,-2,2,0,2,-3,底力,2,回避性能,7,,,,,,,★生産素材未入力,1,,,,,,
艶戦流【袴】,2,2,10,0,13,99,0,69,93,-1,2,0,2,-2,痛撃,2,体術,7,,,,,,,★生産素材未入力,1,,,,,,
アカムトＸケマル,0,1,10,1,13,99,0,134,172,4,0,-3,2,-5,鈍器,2,聴覚保護,3,剣術,2,炎熱適応,2,,,★生産素材未入力,1,,,,,,
アカムトＸチキル,0,2,10,1,13,99,0,80,104,4,0,-3,2,-4,精密射撃,2,聴覚保護,3,貫通弾強化,2,炎熱適応,2,,,★生産素材未入力,1,,,,,,
アカムトXRケマル,0,1,10,2,13,99,0,128,166,4,0,-3,2,-5,鈍器,7,,,,,,,,,★生産素材未入力,1,,,,,,
アカムトXRチキル,0,2,10,2,13,99,0,76,100,4,0,-3,2,-4,貫通弾強化,7,,,,,,,,,★生産素材未入力,1,,,,,,
ウカムルＸケマル,0,1,10,1,13,99,0,136,174,-4,0,-3,4,-2,斬れ味,2,攻撃,4,回復量,2,寒冷適応,2,,,★生産素材未入力,1,,,,,,
ウカムルＸチキル,0,2,10,1,13,99,0,81,105,-4,0,-3,4,-2,散弾強化,2,攻撃,4,回復量,2,寒冷適応,2,,,★生産素材未入力,1,,,,,,
荒天・真【袴】,0,1,10,1,13,99,0,132,170,-3,4,0,0,-5,本気,3,回避性能,4,会心強化,2,,,,,★生産素材未入力,1,,,,,,
蒼天・真【袴】,0,2,10,1,13,99,0,79,103,-3,5,0,0,-5,本気,3,回避性能,4,会心強化,2,,,,,★生産素材未入力,1,,,,,,
アスリスタＸブーツ,0,1,10,1,13,99,0,132,170,0,2,1,1,-4,チャンス,2,無心,3,増幅,2,ＳＰ延長,2,,,★生産素材未入力,1,,,,,,
アスリスタＸフット,0,2,10,1,13,99,0,79,103,0,2,1,1,-3,チャンス,2,無心,2,増幅,2,ＳＰ延長,2,,,★生産素材未入力,1,,,,,,
ネセトダラー,0,1,10,3,12,99,0,134,172,2,-1,-2,0,2,秘術,2,護石強化,2,,,,,,,★生産素材未入力,1,,,,,,
ネセトサーク,0,2,10,3,12,99,0,80,104,3,-1,-2,0,2,秘術,3,護石強化,2,,,,,,,★生産素材未入力,1,,,,,,
ドラゴンフット,0,1,10,2,13,99,0,134,172,-1,2,2,0,-4,状態耐性,2,斬れ味,2,匠,3,,,,,★生産素材未入力,1,,,,,,
ドラゴンレグス,0,2,10,2,13,99,0,80,104,-1,3,3,0,-4,状態耐性,2,貫通弾強化,2,通常弾強化,3,,,,,★生産素材未入力,1,,,,,,
エスカドラＸスケル,0,1,10,0,13,99,0,136,174,0,0,0,0,-4,属性攻撃,2,属性耐性,2,属性会心,2,剛撃,2,,,★生産素材未入力,1,,,,,,
エスカドラＸスクレ,0,2,10,0,13,99,0,81,105,0,0,0,0,-4,属性攻撃,2,属性耐性,2,属性会心,2,剛撃,2,,,★生産素材未入力,1,,,,,,
エスカドラXRスケル,0,1,10,1,13,99,0,130,168,0,0,0,0,-4,属性耐性,1,属性会心,8,,,,,,,★生産素材未入力,1,,,,,,
エスカドラXRスクレ,0,2,10,1,13,99,0,78,102,0,0,0,0,-4,属性耐性,1,属性会心,8,,,,,,,★生産素材未入力,1,,,,,,
ミラバルフット,0,1,10,1,13,99,0,138,176,4,0,1,-2,-4,怒,2,匠,4,スタミナ,3,防御,-3,,,★生産素材未入力,1,,,,,,
ミラバルレグス,0,2,10,2,13,99,0,82,106,5,0,1,-2,-4,怒,2,通常弾強化,2,スタミナ,3,防御,-3,,,★生産素材未入力,1,,,,,,
ミラバルXRフット,0,1,10,1,13,99,0,134,172,4,0,1,-2,-4,属性攻撃,8,特殊攻撃,-8,,,,,,,★生産素材未入力,1,,,,,,
ミラバルXRレグス,0,2,10,1,13,99,0,80,104,5,0,1,-2,-4,属性攻撃,8,特殊攻撃,-8,,,,,,,★生産素材未入力,1,,,,,,
ミラルーツフット,0,1,10,0,13,99,0,136,174,-2,1,4,0,-4,刀匠,2,達人,4,体術,3,運気,-3,,,★生産素材未入力,1,,,,,,
ミラルーツレグス,0,2,10,0,13,99,0,81,105,-2,1,5,0,-4,射手,2,達人,3,体術,3,運気,-3,,,★生産素材未入力,1,,,,,,
異形グリーヴ,0,1,5,0,4,99,0,44,120,1,1,1,1,3,重撃,3,笛,2,体力,3,,,,,異形の骨,1,紅兜の毛,2,尖竜骨,2,火炎袋,4
異形レギンス,0,2,5,0,4,99,0,22,60,2,2,2,2,3,重撃,2,笛,2,体力,3,,,,,異形の骨,1,紅兜の毛,2,尖竜骨,2,火炎袋,4
異形Ｘグリーヴ,0,1,8,1,9,99,0,110,152,1,1,1,1,3,重撃,3,笛,2,体力,3,剛腕,2,,,★生産素材未入力,1,,,,,,
異形Ｘレギンス,0,2,8,1,9,99,0,66,93,2,2,2,2,3,重撃,2,笛,2,体力,3,剛腕,2,,,★生産素材未入力,1,,,,,,
LV14 紅兜グリーヴ,0,1,11,0,13,99,0,26,158,-2,2,1,-1,0,紅兜,2,防御,2,体術,3,真・紅兜,2,,,★生産素材未入力,1,,,,,,
LV14 紅兜レギンス,0,2,11,0,13,99,0,13,95,-2,3,1,-1,0,紅兜,2,防御,2,体術,3,真・紅兜,2,,,★生産素材未入力,1,,,,,,
LV14 大雪主グリーヴ,0,1,11,0,13,99,0,22,154,-4,3,-2,4,0,大雪主,3,跳躍,2,回復速度,3,真・大雪主,3,,,★生産素材未入力,1,,,,,,
LV14 大雪主レギンス,0,2,11,0,13,99,0,11,93,-4,3,-2,5,0,大雪主,2,跳躍,2,回復速度,3,真・大雪主,2,,,★生産素材未入力,1,,,,,,
LV14 矛砕グリーヴ,0,1,11,0,13,99,0,30,162,0,4,-4,0,0,矛砕,2,窮地,2,泡沫,3,真・矛砕,2,,,★生産素材未入力,1,,,,,,
LV14 矛砕レギンス,0,2,11,0,13,99,0,15,97,0,5,-4,0,0,矛砕,2,窮地,2,泡沫,3,真・矛砕,2,,,★生産素材未入力,1,,,,,,
LV14 紫毒姫グリーヴ,0,1,11,0,13,99,0,30,162,4,0,-1,0,-3,紫毒姫,2,特殊会心,2,達人,3,真・紫毒姫,2,,,★生産素材未入力,1,,,,,,
LV14 紫毒姫レギンス,0,2,11,0,13,99,0,15,97,4,1,-1,1,-3,紫毒姫,2,特殊会心,2,達人,3,真・紫毒姫,2,,,★生産素材未入力,1,,,,,,
LV14 岩穿グリーヴ,0,1,11,0,13,99,0,52,160,3,-3,-2,0,0,岩穿,2,痛撃,3,ガード性能,3,真・岩穿,2,,,★生産素材未入力,1,,,,,,
LV14 岩穿レギンス,0,2,11,0,13,99,0,26,96,4,-3,-2,1,1,岩穿,2,痛撃,3,装填速度,3,真・岩穿,2,,,★生産素材未入力,1,,,,,,
LV14 白疾風グリーヴ,0,1,11,0,13,99,0,44,152,-2,1,-3,0,0,白疾風,3,回避距離,2,会心強化,2,真・白疾風,3,,,★生産素材未入力,1,,,,,,
LV14 白疾風レギンス,0,2,11,0,13,99,0,22,92,-2,1,-3,1,1,白疾風,2,回避距離,2,会心強化,2,真・白疾風,2,,,★生産素材未入力,1,,,,,,
LV14 宝纏グリーヴ,0,1,11,0,13,99,0,70,178,4,-4,1,1,-2,宝纏,2,チャンス,2,運気,3,真・宝纏,2,,,★生産素材未入力,1,,,,,,
LV14 宝纏レギンス,0,2,11,0,13,99,0,35,105,5,-4,1,1,-2,宝纏,2,チャンス,2,運気,3,真・宝纏,2,,,★生産素材未入力,1,,,,,,
LV14 隻眼グリーヴ,0,1,11,0,13,99,0,66,174,2,-4,2,-2,0,隻眼,3,根性,2,連撃,2,真・隻眼,3,,,★生産素材未入力,1,,,,,,
LV14 隻眼レギンス,0,2,11,0,13,99,0,33,103,3,-4,3,-2,0,隻眼,2,根性,2,連撃,2,真・隻眼,2,,,★生産素材未入力,1,,,,,,
LV14 黒炎王グリーヴ,0,1,11,0,13,99,0,68,168,5,0,-2,0,-3,黒炎王,2,痛撃,2,聴覚保護,3,真・黒炎王,2,,,★生産素材未入力,1,,,,,,
LV14 黒炎王レギンス,0,2,11,0,13,99,0,34,100,5,1,-2,1,-3,黒炎王,2,痛撃,2,聴覚保護,3,真・黒炎王,2,,,★生産素材未入力,1,,,,,,
LV14 金雷公グリーヴ,0,1,11,0,13,99,0,68,176,0,0,4,-3,1,金雷公,3,スタミナ,2,狂撃耐性,2,真・金雷公,2,,,★生産素材未入力,1,,,,,,
LV14 金雷公レギンス,0,2,11,0,13,99,0,34,104,0,0,5,-3,1,金雷公,2,スタミナ,2,狂撃耐性,2,真・金雷公,2,,,★生産素材未入力,1,,,,,,
LV14 荒鉤爪グリーヴ,0,1,11,0,13,99,0,70,178,2,1,-4,1,-2,荒鉤爪,2,重撃,2,抜刀会心,3,真・荒鉤爪,2,,,★生産素材未入力,1,,,,,,
LV14 荒鉤爪レギンス,0,2,11,0,13,99,0,35,105,3,1,-4,1,-2,荒鉤爪,2,重撃,2,通常弾強化,3,真・荒鉤爪,2,,,★生産素材未入力,1,,,,,,
LV14 燼滅刃グリーヴ,0,1,11,0,13,99,0,70,178,4,-3,1,-2,0,燼滅刃,2,研磨術,2,加護,2,真・燼滅刃,2,,,★生産素材未入力,1,,,,,,
LV14 燼滅刃レギンス,0,2,11,0,13,99,0,35,105,4,-3,1,-2,0,燼滅刃,2,研磨術,2,加護,2,真・燼滅刃,2,,,★生産素材未入力,1,,,,,,
LV14 朧隠グリーヴ,0,1,11,0,13,99,0,106,156,-2,-3,1,1,1,朧隠,2,気配,2,無心,3,真・朧隠,2,,,★生産素材未入力,1,,,,,,
LV14 朧隠レギンス,0,2,11,0,13,99,0,63,93,-1,-3,1,1,1,朧隠,2,気配,2,無心,3,真・朧隠,2,,,★生産素材未入力,1,,,,,,
LV14 鎧裂グリーヴ,0,1,11,0,13,99,0,110,160,1,3,-2,-1,0,鎧裂,2,ガード強化,2,斬れ味,3,真・鎧裂,2,,,★生産素材未入力,1,,,,,,
LV14 鎧裂レギンス,0,2,11,0,13,99,0,66,96,2,3,-2,-1,0,鎧裂,2,ガード強化,2,貫通弾強化,3,真・鎧裂,2,,,★生産素材未入力,1,,,,,,
LV14 天眼グリーヴ,0,1,11,0,13,99,0,116,174,0,3,-3,1,-2,天眼,2,泡沫,2,回避術,3,真・天眼,2,,,★生産素材未入力,1,,,,,,
LV14 天眼レギンス,0,2,11,0,13,99,0,69,104,0,3,-2,1,-2,天眼,2,泡沫,2,回避術,3,真・天眼,2,,,★生産素材未入力,1,,,,,,
LV14 青電主グリーヴ,0,1,11,0,13,99,0,118,176,-1,-1,3,-3,2,青電主,2,連撃,2,跳躍,3,真・青電主,2,,,★生産素材未入力,1,,,,,,
LV14 青電主レギンス,0,2,11,0,13,99,0,70,105,-1,-1,4,-3,2,青電主,2,連撃,2,跳躍,3,真・青電主,2,,,★生産素材未入力,1,,,,,,
LV14 銀嶺グリーヴ,0,1,11,0,13,99,0,122,180,-3,2,-2,3,2,銀嶺,2,溜め短縮,2,気力回復,3,真・銀嶺,2,,,★生産素材未入力,1,,,,,,
LV14 銀嶺レギンス,0,2,11,0,13,99,0,73,108,-3,2,-2,4,2,銀嶺,2,溜め短縮,2,気力回復,3,真・銀嶺,2,,,★生産素材未入力,1,,,,,,
LV14 鏖魔グリーヴ,0,1,11,0,13,99,0,122,180,4,-3,-1,-1,-1,鏖魔,2,裏会心,2,逆上,3,真・鏖魔,2,,,★生産素材未入力,1,,,,,,
LV14 鏖魔レギンス,0,2,11,0,13,99,0,73,108,5,-3,-1,-1,-1,鏖魔,2,裏会心,2,逆上,3,真・鏖魔,2,,,★生産素材未入力,1,,,,,,
瑞星【具足】,1,1,3,1,1,99,0,24,74,1,1,1,1,1,本気,2,スタミナ,2,気絶,-2,,,,,スタジオパス,1,斬竜の炎状殻,3,斬竜の甲殻,4,ランポスの大爪,4
景星【具足】,1,2,3,1,1,99,0,12,37,2,2,2,2,2,本気,2,スタミナ,2,気絶,-2,,,,,スタジオパス,1,斬竜の炎状殻,3,斬竜の甲殻,4,ランポスの大爪,4
夢見【具足】,2,1,3,1,1,99,0,24,74,1,1,1,1,1,本気,3,スタミナ,2,連撃,1,,,,,スタジオパス,1,斬竜の炎状殻,3,斬竜の甲殻,4,ランポスの大爪,4
夢語【具足】,2,2,3,1,1,99,0,12,37,2,2,2,2,2,本気,3,スタミナ,2,連撃,1,,,,,スタジオパス,1,斬竜の炎状殻,3,斬竜の甲殻,4,ランポスの大爪,4
ニセたま脚タイツ,0,1,3,0,1,99,0,18,68,2,1,0,0,0,運搬,3,笛,3,スタミナ,3,,,,,ぐでぐでとした卵,1,赤熱した火炎嚢,1,鋼のたまご,1,海綿質の皮,3
ニセたま脚スーツ,0,2,3,0,1,99,0,9,34,3,1,0,0,0,運搬,3,笛,3,スタミナ,3,,,,,ぐでぐでとした卵,1,赤熱した火炎嚢,1,鋼のたまご,1,海綿質の皮,3
海賊Ｊブーツ,0,1,6,0,6,99,0,52,124,0,0,0,0,0,運気,3,護石王,2,気まぐれ,-2,,,,,海賊Ｊチケット,1,獰猛化溶岩竜鱗,1,溶岩竜の堅殻,4,赤熱した紅焔嚢,2
海賊Ｊパンツ,0,2,6,0,6,99,0,26,62,0,0,0,0,0,運気,3,護石王,2,気まぐれ,-2,,,,,海賊Ｊチケット,1,獰猛化溶岩竜鱗,1,溶岩竜の堅殻,4,赤熱した紅焔嚢,2
大海賊Ｊブーツ,0,1,6,0,6,99,0,56,128,-4,-4,-4,-4,-4,運気,4,剥ぎ取り,2,捕獲,2,,,,,海賊Ｊチケット,1,獰猛化溶岩竜鱗,1,溶岩竜の鋭牙,2,火竜の堅殻,4
大海賊Ｊパンツ,0,2,6,0,6,99,0,28,64,-3,-3,-3,-3,-3,運気,3,剥ぎ取り,2,捕獲,2,,,,,海賊Ｊチケット,1,獰猛化溶岩竜鱗,1,溶岩竜の鋭牙,2,火竜の堅殻,4
ゾディアスグリーヴ,0,1,7,1,8,99,0,68,140,1,1,1,1,1,無心,2,跳躍,1,回避性能,3,,,,,冥天の星くず,1,炎龍の塵粉,3,古龍の血,3,翼蛇竜の上皮,5
ゾディアスレギンス,0,2,7,1,8,99,0,34,70,2,2,2,2,2,無心,2,跳躍,1,回避性能,2,,,,,冥天の星くず,1,炎龍の塵粉,3,古龍の血,3,翼蛇竜の上皮,5
坊屋ジーンズ,0,1,5,0,4,99,0,50,126,2,2,2,2,2,攻撃,3,気力回復,5,気配,-2,,,,,クローズコイン,1,黒狼鳥の堅殻,3,ゲネポスの大上皮,5,黒蝕竜の鱗,4
坊屋デニム,0,2,5,0,4,99,0,25,63,3,3,3,3,3,攻撃,3,気力回復,5,気配,-2,,,,,クローズコイン,1,黒狼鳥の堅殻,3,ゲネポスの大上皮,5,黒蝕竜の鱗,4
地上最強の袴,0,1,7,1,6,99,0,70,142,4,4,4,4,4,本気,4,肉食,3,気配,-3,,,,,地下闘技場入場券,1,獰猛化巨獣毛,1,恐暴竜の黒鱗,3,古龍の血,1
地上最強の下衣,0,2,7,1,6,99,0,35,71,5,5,5,5,5,本気,4,肉食,3,気配,-3,,,,,地下闘技場入場券,1,獰猛化巨獣毛,1,恐暴竜の黒鱗,3,古龍の血,1
王者のレッグロック,0,1,7,0,6,99,0,66,138,4,4,4,4,4,闘魂,3,食事,3,気配,-2,,,,,地下闘技場入場券,1,獰猛化巨獣毛,1,金獅子の黒毛,3,鎌蟹の脚,5
強者のレッグロック,0,2,7,0,6,99,0,33,69,5,5,5,5,5,闘魂,3,食事,3,気配,-2,,,,,地下闘技場入場券,1,獰猛化巨獣毛,1,金獅子の黒毛,3,鎌蟹の脚,5
ライクロカーゴパンツ,0,1,6,1,6,99,0,54,126,0,-1,4,-2,1,聴覚保護,2,気絶,1,回避距離,3,,,,,ユニクロＳコイン,1,電竜の堅棘殻,3,電竜の帯電膜,5,雷狼竜の高電殻,3
ライクロカットパンツ,0,2,6,1,6,99,0,27,63,0,-1,5,-2,1,聴覚保護,1,気絶,1,回避距離,3,,,,,ユニクロＳコイン,1,電竜の堅棘殻,3,電竜の帯電膜,5,雷狼竜の高電殻,3
ブルースターブーツ,0,1,6,2,4,99,0,56,128,1,1,1,1,1,体術,2,耐震,2,,,,,,,スタジオＸパス,1,泡立つ上滑液,3,夜鳥の鋭翼爪,4,火竜の尻尾,2
ブルースターフット,0,2,6,2,4,99,0,28,64,2,2,2,2,2,体術,2,采配,2,,,,,,,スタジオＸパス,1,泡立つ上滑液,3,夜鳥の鋭翼爪,4,火竜の尻尾,2
スターナイトグリーヴ,0,1,6,1,4,99,0,52,124,1,1,1,1,1,研磨術,2,跳躍,2,広域,3,,,,,スタジオＷパス,1,斬竜の上鱗,4,巨獣の剛毛,3,斬竜の尻尾,2
スターナイトレギンス,0,2,6,0,4,99,0,26,62,2,2,2,2,2,研磨術,2,跳躍,2,広域,3,,,,,スタジオＷパス,1,斬竜の上鱗,4,巨獣の剛毛,3,斬竜の尻尾,2
スタールークグリーヴ,0,1,7,0,4,99,0,64,136,0,0,0,0,0,斬れ味,2,装填数,2,ガード性能,3,,,,,スタジオＧパス,1,獰猛化斬竜鱗,1,電竜の鋭翼爪,4,斬竜の炎状殻,3
スタールークレギンス,0,2,7,0,4,99,0,32,68,0,0,0,0,0,装填速度,2,装填数,2,精密射撃,3,,,,,スタジオＧパス,1,獰猛化斬竜鱗,1,電竜の鋭翼爪,4,斬竜の炎状殻,3
瑞星・覇【具足】,1,1,7,1,4,99,0,64,136,1,1,1,1,1,本気,2,スタミナ,2,気絶,-2,,,,,スタジオＧパス,1,獰猛化電竜鱗,1,斬竜の鋭牙,4,電竜の翼爪,4
景星・覇【具足】,1,2,7,1,4,99,0,32,68,2,2,2,2,2,本気,2,スタミナ,2,気絶,-2,,,,,スタジオＧパス,1,獰猛化電竜鱗,1,斬竜の鋭牙,4,電竜の翼爪,4
夢見・覇【具足】,2,1,7,1,4,99,0,64,136,1,1,1,1,1,本気,3,スタミナ,2,連撃,1,,,,,スタジオＧパス,1,獰猛化電竜鱗,1,斬竜の鋭牙,4,電竜の翼爪,4
夢語・覇【具足】,2,2,7,1,4,99,0,32,68,2,2,2,2,2,本気,3,スタミナ,2,連撃,1,,,,,スタジオＧパス,1,獰猛化電竜鱗,1,斬竜の鋭牙,4,電竜の翼爪,4
ニセたまＳ脚タイツ,0,1,4,0,4,99,0,32,108,2,1,0,0,0,運気,3,笛,3,スタミナ,3,,,,,ぐでぐでとした卵,2,海綿質の上皮,3,銀のたまご,1,爆炎袋,2
ニセたまＳ脚スーツ,0,2,4,0,4,99,0,16,54,3,1,0,0,0,運気,3,笛,3,スタミナ,3,,,,,ぐでぐでとした卵,2,海綿質の上皮,3,銀のたまご,1,爆炎袋,2
バリアスーツレガース,1,1,6,0,4,99,0,64,136,4,4,4,4,-4,属性耐性,3,炎熱適応,3,腹減り,-3,,,,,サムスコイン,1,獰猛化黒狼鳥鱗,1,獄炎石,3,黒狼鳥の堅殻,4
バリアスーツシェル,1,2,6,0,4,99,0,32,68,5,5,5,5,-3,属性耐性,3,炎熱適応,3,腹減り,-3,,,,,サムスコイン,1,獰猛化黒狼鳥鱗,1,獄炎石,3,黒狼鳥の堅殻,4
ゼロスーツブーツ,2,1,6,0,4,99,0,48,120,4,4,4,4,-4,回避性能,3,気力回復,3,防御,-3,,,,,サムスコイン,1,獰猛化黒狼鳥鱗,1,獄炎石,3,黒狼鳥の堅殻,4
ゼロスーツタイツ,2,2,6,0,4,99,0,24,60,5,5,5,5,-3,回避性能,3,気力回復,3,防御,-3,,,,,サムスコイン,1,獰猛化黒狼鳥鱗,1,獄炎石,3,黒狼鳥の堅殻,4
勇者の靴,0,1,7,1,4,99,0,64,136,2,2,2,2,2,無傷,2,剣術,2,効果持続,2,,,,,トライフォース,1,砕竜の堅黒曜甲,3,巨獣の堅牙,3,絞蛇竜の皮,4
勇者の具足,0,2,7,1,4,99,0,32,68,3,3,3,3,3,無傷,2,装填数,2,効果持続,2,,,,,トライフォース,1,砕竜の堅黒曜甲,3,巨獣の堅牙,3,絞蛇竜の皮,4
グリーヴオブレイジ,1,1,7,0,8,99,0,66,138,2,2,2,2,2,本気,3,聴覚保護,3,効果持続,-3,,,,,女神の抱擁,1,獰猛化恐暴竜鱗,1,恐暴竜の黒鱗,5,ノヴァクリスタル,2
レギンスオブレイジ,1,2,7,0,8,99,0,33,69,3,3,3,3,3,本気,3,聴覚保護,3,効果持続,-3,,,,,女神の抱擁,1,獰猛化恐暴竜鱗,1,恐暴竜の黒鱗,5,ノヴァクリスタル,2
グリーヴオブアナト,2,1,7,0,8,99,0,66,138,2,2,2,2,2,本気,3,聴覚保護,3,効果持続,-3,,,,,女神の抱擁,1,獰猛化恐暴竜鱗,1,恐暴竜の黒鱗,5,ノヴァクリスタル,2
レギンスオブアナト,2,2,7,0,8,99,0,33,69,3,3,3,3,3,本気,3,聴覚保護,3,効果持続,-3,,,,,女神の抱擁,1,獰猛化恐暴竜鱗,1,恐暴竜の黒鱗,5,ノヴァクリスタル,2
ブラックレザーレグス,0,1,5,0,5,99,0,50,126,2,2,2,2,2,底力,6,気絶,2,,,,,,,モンハン部認定証,1,翼蛇竜の上皮,5,迅竜の上黒毛,3,上質な毛皮,4
ブラックレザーパンツ,0,2,5,0,5,99,0,25,63,3,3,3,3,3,底力,6,気絶,2,,,,,,,モンハン部認定証,1,翼蛇竜の上皮,5,迅竜の上黒毛,3,上質な毛皮,4